timestamp,is_working_hour,optimization_type,current_temp,indoor_temp,indoor_humidity,outdoor_temp,outdoor_humidity,optimal_temp,actual_energy,original_predicted_energy,optimized_energy,optimal_pmv,energy_savings,temp_change,ai_proposal
2024-11-12 18:10:00,True,优化,23.112299999999998,22.352926353709933,51.54269175072149,18.3069414701449,88.66066437684053,20.540871428571425,167.67497,123.88390350341797,136.24337768554688,-0.01,0.0,-2.571428571428573,
2024-11-12 18:20:00,True,优化,23.234,22.399594822690187,52.601243840473,18.26358381964511,88.09311650653981,20.709651020408163,170.0804,130.19363403320312,142.14788818359375,0.02,0.0,-2.5243489795918386,
2024-11-12 18:30:00,True,优化,23.368000000000002,22.44574941870553,53.784190641043566,18.82723424332461,87.49340627812275,20.74581807580175,173.87776,129.27511596679688,141.5242919921875,0.1,0.0,-2.6221819241982516,
2024-11-12 18:40:00,True,优化,23.5977,22.49026623365537,54.0401570019744,18.56708769553772,86.95416818718293,21.297613598500625,166.35477,127.72467041015625,138.49810791015625,-0.0,0.0,-2.3000864014993745,
2024-11-12 18:50:00,True,优化,23.8598,22.538432331487964,55.10588558539824,19.08738046871743,86.33365900055,21.806120113643125,155.7336,119.2912368774414,126.6725845336914,-0.01,0.0,-2.053679886356875,
2024-11-12 19:00:00,False,保持,23.871357142857143,22.584801267659852,56.093867558114006,19.08738046871743,85.75089639335924,23.871357142857143,157.90176,110.47725677490234,110.47725677490234,0.05,0.0,0.0,
2024-11-12 19:10:00,False,保持,23.845142857142857,22.626545010181704,57.16250104864404,19.95453476828954,85.26134508203023,23.845142857142857,163.2084,105.99308013916016,105.99308013916016,0.05,0.0,0.0,
2024-11-12 19:20:00,False,保持,23.932,22.673436832089404,57.857608354767244,20.474827219075177,84.72306935967558,23.932,168.06767,106.6822280883789,106.6822280883789,0.08,0.0,0.0,
2024-11-12 19:30:00,False,保持,23.9908,22.720819370154985,59.44056663829856,20.127965692682775,84.19731250040658,23.9908,158.23727,106.33840942382812,106.33840942382812,0.09,0.0,0.0,
2024-11-12 19:40:00,False,保持,24.0209,22.768853574637486,61.194533642799584,21.038477481557642,83.66173327273928,24.0209,152.04941,97.84911346435547,97.84911346435547,0.11,0.0,0.0,
2024-11-12 19:50:00,False,保持,24.0253,22.816409628803605,61.90836849944066,20.821689067861648,83.13058342409559,24.0253,156.20251,92.7850112915039,92.7850112915039,0.11,0.0,0.0,
2024-11-12 20:00:00,False,保持,24.0245,22.857321142382283,62.900177794335214,20.951762180558056,82.67492704477773,24.0245,157.61905,94.79486846923828,94.79486846923828,0.11,0.0,0.0,
2024-11-12 20:10:00,False,保持,24.07925,22.890395460901942,64.0216452453598,20.865046557164405,82.2107968548467,24.07925,153.74481,93.37491607666016,93.37491607666016,0.12,0.0,0.0,
2024-11-12 20:20:00,False,保持,24.02595,22.918891718340667,64.73811149044107,21.21190872834495,81.75051862278819,24.02595,153.12871,89.97700500488281,89.97700500488281,0.11,0.0,0.0,
2024-11-12 20:30:00,False,保持,24.0188,22.947618818733204,65.23234194205942,21.472054953737768,81.28638843285718,24.0188,154.89323,89.05223846435547,89.05223846435547,0.11,0.0,0.0,
2024-11-12 20:40:00,False,保持,23.942,22.973207751632696,65.56318389289004,20.734973444467993,80.87233028041251,23.942,155.8482,88.39373016357422,88.39373016357422,0.08,0.0,0.0,
2024-11-12 20:50:00,False,保持,23.938499999999998,23.001536362148716,65.56940386238169,20.865046557164405,80.40145978508757,23.938499999999998,151.78308,88.72063446044922,88.72063446044922,0.08,0.0,0.0,
2024-11-12 21:00:00,False,保持,23.961000000000002,23.033302707089273,65.686621633908,20.64825814346841,79.87955426280813,23.961000000000002,149.19696,88.17557525634766,88.17557525634766,0.08,0.0,0.0,
2024-11-12 21:10:00,False,保持,23.98325,23.04433573772588,65.64117013596623,20.865046557164405,79.6378598940443,23.98325,153.58969,85.9012451171875,85.9012451171875,0.09,0.0,0.0,
2024-11-12 21:20:00,False,保持,23.98825,23.053596310779348,65.43543967636214,20.90840436886123,79.39038805413392,23.98825,149.52315,87.44586181640625,87.44586181640625,0.09,0.0,0.0,
2024-11-12 21:30:00,False,保持,23.9745,23.062801945598423,65.4832841558321,21.16855059425405,79.10343620717252,23.9745,133.07458,84.67416381835938,84.67416381835938,0.09,0.0,0.0,
2024-11-12 21:40:00,False,保持,23.78075,23.072254904841632,65.4832841558321,21.16855059425405,78.85596436726215,23.78075,18.527876,77.37117767333984,77.37117767333984,0.02,0.0,0.0,
2024-11-12 21:50:00,False,保持,23.52875,23.081364380688967,65.50720594994667,20.865046557164405,78.60656666483108,23.52875,16.717375,9.959420204162598,9.959420204162598,-0.05,0.0,0.0,
2024-11-12 22:00:00,False,保持,23.3013,23.09046010491614,65.61964043213902,20.04125006928912,78.33694752719886,23.3013,18.601116,8.350813865661621,8.350813865661621,-0.12,0.0,0.0,
2024-11-12 22:10:00,False,保持,23.1612,23.093798848149394,65.16512010527643,19.30416888241342,78.11874860648759,23.1612,19.124008,7.0994367599487305,7.0994367599487305,-0.18,0.0,0.0,
2024-11-12 22:20:00,False,保持,23.064999999999998,23.093798848149394,64.65557991932255,18.653803318931374,77.9465775293549,23.064999999999998,19.141293,6.736234664916992,6.736234664916992,-0.21,0.0,0.0,
2024-11-12 22:30:00,False,保持,22.997999999999998,23.093798848149394,64.19149167693084,18.1335107069487,77.73319323099085,22.997999999999998,19.044603,4.832632064819336,4.832632064819336,-0.22,0.0,0.0,
2024-11-12 22:40:00,False,保持,22.9005,23.093798848149394,63.68554007202841,17.873364320358846,77.52327549680561,22.9005,19.283312,4.950286865234375,4.950286865234375,-0.25,0.0,0.0,
2024-11-12 22:50:00,False,保持,22.872,23.093798848149394,63.11858659983466,17.873364320358846,77.34417133012047,22.872,19.146957,7.49791145324707,7.49791145324707,-0.27,0.0,0.0,
2024-11-12 23:00:00,False,保持,22.8565,23.093633965199974,62.667655299643926,17.26635640737659,77.17084471219225,22.8565,19.2525,9.99698257446289,9.99698257446289,-0.27,0.0,0.0,
2024-11-12 23:10:00,False,保持,22.8055,23.08850908100967,62.25499922653284,17.136283133483147,76.97248207552086,22.8055,19.105167,8.298830032348633,8.298830032348633,-0.28,0.0,0.0,
2024-11-12 23:20:00,False,保持,22.732166666666664,23.078561438795074,61.62345664285748,16.702706064295608,76.76449008744076,22.732166666666664,18.939653,6.719520568847656,6.719520568847656,-0.31,0.0,0.0,
2024-11-12 23:30:00,False,保持,22.670333333333332,23.070102349747398,61.19644713678133,16.399202027205963,76.58025036497746,22.670333333333332,18.891722,6.969439506530762,6.969439506530762,-0.34,0.0,0.0,
2024-11-12 23:40:00,False,保持,22.647,23.060310479607327,60.91655898173592,16.182413452312936,76.39023317136761,22.647,17.746584,6.99412727355957,6.99412727355957,-0.34,0.0,0.0,
2024-11-12 23:50:00,False,保持,22.5735,23.05071096153387,60.38070446575967,15.575405428507718,76.1886607250232,22.5735,16.799896,7.302684783935547,7.302684783935547,-0.37,0.0,0.0,
2024-11-13 00:00:00,False,保持,22.5565,23.041835092613635,60.00034339400979,15.662120855442485,76.00281602011302,22.5565,19.188538,9.35519027709961,9.35519027709961,-0.37,0.0,0.0,
2024-11-13 00:10:00,False,保持,22.533,22.863674390896517,59.42956248823214,15.358616843539876,75.58837292023428,22.533,19.222609,11.985685348510742,11.985685348510742,-0.37,0.0,0.0,
2024-11-13 00:20:00,False,保持,22.5012,22.83323533322492,59.175270768750636,15.271901421642516,75.3744107544595,22.5012,19.110409,11.734537124633789,11.734537124633789,-0.38,0.0,0.0,
2024-11-13 00:30:00,False,保持,22.4538,22.88037370325561,58.87911535254312,15.09847053754854,75.38365508082376,22.4538,19.075134,11.290560722351074,11.290560722351074,-0.4,0.0,0.0,
2024-11-13 00:40:00,False,保持,22.457500000000003,22.89290159983763,58.61334110949975,15.488689996535545,75.26810379524396,22.457500000000003,18.774376,11.786059379577637,11.786059379577637,-0.4,0.0,0.0,
2024-11-13 00:50:00,False,保持,22.4155,22.80457695681006,58.27077689133408,15.185185999745157,74.39569338967704,22.4155,18.798458,11.74384593963623,11.74384593963623,-0.41,0.0,0.0,
2024-11-13 01:00:00,False,保持,22.4082,22.813315446021196,57.94304436822381,15.09847053754854,74.08370560158284,22.4082,18.480984,12.882866859436035,12.882866859436035,-0.41,0.0,0.0,
2024-11-13 01:10:00,False,保持,22.346799999999998,22.897765476229896,57.568424586106126,14.751608809659842,75.17450755194814,22.346799999999998,18.66331,12.8370943069458,12.8370943069458,-0.44,0.0,0.0,
2024-11-13 01:20:00,False,保持,22.3064,22.877969251238238,57.341643255716306,14.88168200295477,74.82631359503098,22.3064,18.557909,13.07880687713623,13.07880687713623,-0.44,0.0,0.0,
2024-11-13 01:30:00,False,保持,22.2916,22.874693669912965,57.106249983915355,14.318031659873789,73.70084619690344,22.2916,17.197342,14.524385452270508,14.524385452270508,-0.45,0.0,0.0,
2024-11-13 01:40:00,False,保持,22.2828,22.87347909133232,56.878033345043114,14.404747122070408,74.09872724387289,22.2828,16.393667,13.188950538635254,13.188950538635254,-0.45,0.0,0.0,
2024-11-13 01:50:00,False,保持,22.2836,22.857013351777198,56.57422289456018,14.05788543448097,74.54706527576276,22.2836,18.376717,13.647858619689941,13.647858619689941,-0.45,0.0,0.0,
2024-11-13 02:00:00,False,保持,22.2716,22.879128857461364,56.339786515969294,13.884454510087734,73.85452931980096,22.2716,19.028242,15.39915943145752,15.39915943145752,-0.46,0.0,0.0,
2024-11-13 02:10:00,False,保持,22.219,22.899073518055253,56.01827373954049,13.927812160587525,73.12732791607694,22.219,18.645458,16.16067886352539,16.16067886352539,-0.47,0.0,0.0,
2024-11-13 02:20:00,False,保持,22.207,22.916995632668584,55.83311679379822,14.23131619767717,72.64124330474489,22.207,18.586666,15.823182106018066,15.823182106018066,-0.48,0.0,0.0,
2024-11-13 02:30:00,False,保持,22.2132,22.83359529809111,55.474285648685736,13.927812160587525,74.30903023593366,22.2132,18.691925,19.760093688964844,19.760093688964844,-0.47,0.0,0.0,
2024-11-13 02:40:00,False,保持,22.1738,22.890225084129085,55.296305419426005,13.797739047891115,73.02718353066274,22.1738,18.63795,19.16576385498047,19.16576385498047,-0.48,0.0,0.0,
2024-11-13 02:50:00,False,保持,22.1995,22.83975622866186,55.1953541292261,13.711023585694496,73.90383115197771,22.1995,18.352917,18.338600158691406,18.338600158691406,-0.48,0.0,0.0,
2024-11-13 03:00:00,False,保持,22.185833333333335,22.766462857178706,54.959960947941795,13.36416189810506,75.16410807284021,22.185833333333335,18.402027,19.83342742919922,19.83342742919922,-0.48,0.0,0.0,
2024-11-13 03:10:00,False,保持,22.142366666666668,22.810045358519364,54.67289585360365,13.667665935194705,74.21594715240278,22.142366666666668,17.670696,20.21116065979004,20.21116065979004,-0.5,0.0,0.0,
2024-11-13 03:20:00,False,保持,22.1428,22.864960423304993,54.54036767931119,13.667665935194705,73.09253425598384,22.1428,16.448067,21.739234924316406,21.739234924316406,-0.5,0.0,0.0,
2024-11-13 03:30:00,False,保持,22.0965,22.754924207108523,54.269569734730055,13.320804247605269,74.91856190142461,22.0965,18.87,25.505910873413086,25.505910873413086,-0.51,0.0,0.0,
2024-11-13 03:40:00,False,保持,22.072499999999998,22.88359427810024,54.18966999767211,13.060657861015414,72.60946651494555,22.072499999999998,19.279417,26.496477127075195,26.496477127075195,-0.51,0.0,0.0,
2024-11-13 03:50:00,False,保持,22.062,22.888361995520764,54.062882973755485,12.973942560015832,72.46599039743893,22.062,18.836,25.16209602355957,25.16209602355957,-0.53,0.0,0.0,
2024-11-13 04:00:00,False,保持,22.033,22.928921767906846,53.904997216431546,12.670438522926187,71.7110569459466,22.033,18.779333,23.67146110534668,23.67146110534668,-0.54,0.0,0.0,
2024-11-13 04:10:00,False,保持,22.03875,22.924261231228073,53.66147034886364,12.887226936622177,71.80234226287209,22.03875,18.450312,23.82904624938965,23.82904624938965,-0.53,0.0,0.0,
2024-11-13 04:20:00,False,保持,22.00925,22.828720434051966,53.56841344679452,12.75715382392577,73.21919096459501,22.00925,18.572855,28.084693908691406,28.084693908691406,-0.54,0.0,0.0,
2024-11-13 04:30:00,False,保持,21.99425,22.8313145082858,53.38469173294366,12.973942560015832,73.12366874236294,21.99425,18.64475,33.092689514160156,33.092689514160156,-0.54,0.0,0.0,
2024-11-13 04:40:00,False,保持,22.027250000000002,22.72528479079386,53.2399631406309,12.887226936622177,74.30903023593366,22.027250000000002,18.48325,35.12065124511719,35.12065124511719,-0.54,0.0,0.0,
2024-11-13 04:50:00,False,保持,21.988999999999997,22.66565425109507,53.13470626616187,12.583722899532532,74.8636752270391,21.988999999999997,17.367624,35.299598693847656,35.299598693847656,-0.54,0.0,0.0,
2024-11-13 05:00:00,False,保持,21.9847,22.656737144375914,53.007919242245244,12.843869447319424,74.80589958424919,21.9847,17.949308,36.62343978881836,36.62343978881836,-0.54,0.0,0.0,
2024-11-13 05:10:00,False,保持,22.0028,22.67133976119959,52.946678522421486,12.973942560015832,74.64220224011929,22.0028,19.104317,35.67180252075195,35.67180252075195,-0.54,0.0,0.0,
2024-11-13 05:20:00,False,保持,21.972749999999998,22.810583957955135,52.801232481270674,12.670438522926187,73.2652188809333,21.972749999999998,19.153334,36.104942321777344,36.104942321777344,-0.55,0.0,0.0,
2024-11-13 05:30:00,False,保持,21.986349999999998,22.832193861267292,52.711285341137184,12.800511635622597,73.06204145214201,21.986349999999998,32.0756,39.970176696777344,39.970176696777344,-0.54,0.0,0.0,
2024-11-13 05:40:00,False,保持,21.9704,22.65412658867176,52.497900459985715,12.49700759853295,75.02833556063712,21.9704,38.48113,51.64139175415039,51.64139175415039,-0.55,0.0,0.0,
2024-11-13 05:50:00,False,保持,21.950499999999998,22.76530871065589,52.31465734244049,12.49700759853295,73.81793820354395,21.950499999999998,31.147186,55.9886360168457,55.9886360168457,-0.56,0.0,0.0,
2024-11-13 06:00:00,False,保持,21.926499999999997,22.81853652330637,52.417043530316505,12.49700759853295,73.21899849087798,21.926499999999997,20.116667,51.884178161621094,51.884178161621094,-0.57,0.0,0.0,
2024-11-13 06:10:00,False,保持,21.88475,22.747694352524515,52.35006188292712,12.323576674139714,74.08563127007761,21.88475,19.973228,40.920162200927734,40.920162200927734,-0.58,0.0,0.0,
2024-11-13 06:20:00,False,保持,21.87235,22.932851318960108,52.25078523417655,12.106788260443722,71.91327169571125,21.87235,19.685646,39.830440521240234,39.830440521240234,-0.58,0.0,0.0,
2024-11-13 06:30:00,False,保持,21.8659,22.83097924856352,52.04409847320198,12.063430448746896,73.13426100562938,21.8659,19.81775,44.57579803466797,44.57579803466797,-0.58,0.0,0.0,
2024-11-13 06:40:00,False,保持,21.8872,22.831457415941465,51.84865516044664,12.063430448746896,73.1227057528948,21.8872,19.727083,45.56285095214844,45.56285095214844,-0.58,0.0,0.0,
2024-11-13 06:50:00,False,保持,21.9025,22.833501868969524,51.906546597371744,11.889999524353659,73.11731338440308,21.9025,19.445024,45.03144454956055,45.03144454956055,-0.57,0.0,0.0,
2024-11-13 07:00:00,False,保持,21.897,22.602118856956146,51.820905487127774,12.236861373140131,75.88553169497621,21.897,19.393457,50.09330749511719,50.09330749511719,-0.57,0.0,0.0,
2024-11-13 07:10:00,False,保持,21.892400000000002,22.722819889657096,51.70177333037892,12.366934485836541,74.505081791014,21.892400000000002,19.248533,42.88894271850586,42.88894271850586,-0.57,0.0,0.0,
2024-11-13 07:20:00,False,保持,21.878899999999998,22.954136950196858,51.62713681582177,12.280219184836959,71.92867828543537,21.878899999999998,18.900742,40.82040023803711,40.82040023803711,-0.58,0.0,0.0,
2024-11-13 07:30:00,False,保持,21.891399999999997,22.92776762138403,51.629528906109144,11.933357336050486,72.41553310207703,21.891399999999997,18.958117,43.84516143798828,43.84516143798828,-0.57,0.0,0.0,
2024-11-13 07:40:00,False,保持,21.8471,22.585504741514264,51.55249985564422,12.193503561443304,76.09544958438218,21.8471,17.133167,49.95962142944336,49.95962142944336,-0.6,0.0,0.0,
2024-11-13 07:50:00,False,保持,21.817500000000003,22.73617493083637,51.34150706478013,12.366934485836541,74.70575550927647,21.817500000000003,17.152292,49.25934600830078,49.25934600830078,-0.6,0.0,0.0,
2024-11-13 08:00:00,False,保持,21.8385,22.59147329442605,51.26160732772219,12.410292297533369,76.13666270860058,21.8385,18.952875,53.51398849487305,53.51398849487305,-0.6,0.0,0.0,
2024-11-13 08:10:00,False,保持,21.7835,22.495349944560793,51.252038520952276,11.759926411657249,77.15543788963703,21.7835,18.719126,48.384849548339844,48.384849548339844,-0.61,0.0,0.0,
2024-11-13 08:20:00,False,保持,21.8424,22.769320720245425,51.24007717827459,12.323576674139714,75.72838233774394,21.8424,153.98006,48.66581344604492,48.66581344604492,-0.6,0.0,0.0,
2024-11-13 08:30:00,False,保持,21.8326,22.585631150638047,51.248210641747995,12.280219184836959,77.42852355749352,21.8326,112.387276,151.39352416992188,151.39352416992188,-0.6,0.0,0.0,
2024-11-13 08:40:00,False,保持,21.764,22.641914697837645,52.79405576478814,12.843869447319424,78.26703913526244,21.764,101.07704,140.56993103027344,140.56993103027344,-0.61,0.0,0.0,
2024-11-13 08:50:00,False,保持,21.8785,22.567813431466227,54.51979472247486,12.930584748319005,79.75341102440335,21.8785,111.547386,139.23565673828125,139.23565673828125,-0.58,0.0,0.0,
2024-11-13 09:00:00,True,优化,22.133,22.505031894378536,56.28843377852431,13.19073113490886,80.8575655284464,21.676292897729688,187.18228,146.26182556152344,150.4378662109375,-0.98,0.0,-0.4567071022703111,
2024-11-13 09:10:00,True,优化,22.392000000000003,22.388527907788514,58.38241326739664,13.971169972284352,80.61940196584497,20.275985206980693,183.38042,185.04641723632812,201.08221435546875,-0.47,0.0,-2.1160147930193105,
2024-11-13 09:20:00,True,优化,22.615499999999997,22.318986399705818,60.06014854772683,14.751608809659842,80.07502808629587,20.17596322907005,193.91617,180.42550659179688,196.98483276367188,-0.24,0.0,-2.439536770929948,
2024-11-13 09:30:00,True,优化,22.886000000000003,22.272738387365056,61.038561602267585,15.705478571428571,82.14916956462578,20.168818802076434,192.49525,180.75494384765625,197.64547729492188,-0.08,0.0,-2.717181197923569,
2024-11-13 09:40:00,True,优化,23.024,22.246825199451724,62.856639790375176,16.48591748940258,81.34223809671083,20.399116971725206,179.12828,175.723388671875,191.24781799316406,0.03,0.0,-2.6248830282747946,
2024-11-13 09:50:00,True,优化,22.97925,22.085080758755655,63.225039965067765,17.092925482983354,86.57670115099528,20.679275065369687,174.81914,167.03858947753906,179.079345703125,0.04,0.0,-2.2999749346303133,
2024-11-13 10:00:00,True,优化,23.098750000000003,21.96193131491904,62.76693194839451,17.396429520073,89.09667757156917,20.739308942579218,154.74356,164.90884399414062,175.07603454589844,-0.02,0.0,-2.359441057420785,
2024-11-13 10:10:00,True,优化,23.299500000000002,21.942393367875262,63.678363355545876,17.30971405787638,89.29503974257835,20.752173344838404,150.34587,150.02267456054688,162.88027954101562,0.07,0.0,-2.547326655161598,
2024-11-13 10:20:00,True,优化,23.348,22.085630345838307,65.0598636764278,18.26358381964511,84.30419688077323,21.29988333744229,159.715,142.92221069335938,151.869384765625,0.02,0.0,-2.0481166625577103,
2024-11-13 10:30:00,True,优化,23.386000000000003,22.032704795846346,64.75126887826245,19.17409576971701,85.3595631780667,21.49549404908653,177.09326,144.47848510742188,150.40052795410156,-0.02,0.0,-1.8905059509134716,
2024-11-13 10:40:00,True,优化,23.4441,21.889646452452883,64.54793095456614,19.82446165559313,90.505437410113,21.565355017530905,184.06877,150.34544372558594,154.21469116210938,-0.01,0.0,-1.8787449824690938,
2024-11-13 10:50:00,True,优化,23.4679,21.81127484309397,64.4895609213354,19.47759980680666,93.31217235021718,21.590305363403896,182.11476,153.12448120117188,156.27284240722656,0.03,0.0,-1.877594636596104,
2024-11-13 11:00:00,True,优化,23.555666666666667,21.78371291099425,64.2689993237014,20.344754106378765,94.1560801922647,21.599216201215675,181.67712,151.8131866455078,154.3024139404297,0.03,0.0,-1.9564504654509918,
2024-11-13 11:10:00,True,优化,23.676833333333335,21.76234302975706,63.89725031173055,20.604900331771585,94.72305064141432,21.602398643291313,207.71143,144.6654052734375,149.87710571289062,0.08,0.0,-2.074434690042022,
2024-11-13 11:20:00,True,优化,23.722,21.784143408363846,63.89485822144317,20.388111918075595,91.81309018421598,21.936742275696275,179.03691,152.22776794433594,151.5933837890625,0.05,0.6343841552734375,-1.785257724303726,
2024-11-13 11:30:00,True,优化,23.7843,21.73702523922431,63.37096460252422,20.734973444467993,94.62290718732454,22.080032403869833,181.6834,140.56195068359375,137.6749725341797,0.03,2.8869781494140625,-1.704267596130169,
2024-11-13 11:40:00,True,优化,23.81195,21.71382151289859,63.45564852015692,20.69161595516524,94.39411554253527,22.141442458801357,179.92714,141.45590209960938,137.68238830566406,0.06,3.7735137939453125,-1.670507541198642,
2024-11-13 11:50:00,True,优化,23.805500000000002,21.689056994746203,62.9322334975436,21.038477481557642,96.52044720056334,22.16776105377201,170.10129,140.52769470214844,136.7890625,0.07,3.7386322021484375,-1.6377389462279908,
2024-11-13 12:00:00,True,优化,23.72825,21.666815062876687,61.975111294297626,21.472054953737768,96.76541657171079,22.179040451616576,185.07263,136.96682739257812,132.80770874023438,0.06,4.15911865234375,-1.5492095483834234,
2024-11-13 12:10:00,True,优化,23.544,21.598418530726434,61.69043829024686,21.385339330344113,95.28347325888701,22.183874479264247,104.05629,131.20457458496094,130.8841552734375,-0.01,0.3204193115234375,-1.3601255207357532,
2024-11-13 12:20:00,True,优化,23.4155,21.590202159480754,60.37113565898976,21.688843045039686,96.68356681310067,22.185946205398963,81.027664,92.59508514404297,91.916748046875,-0.13,0.6783370971679688,-1.2295537946010384,
2024-11-13 12:30:00,True,优化,23.3821,21.566789599618104,57.82821840847212,20.995119992254885,97.16117854514398,22.186834088028128,83.85193,85.18008422851562,83.17317962646484,-0.22,2.0069046020507812,-1.1952659119718732,
2024-11-13 12:40:00,True,优化,23.2907,21.53577072177338,56.405811472070354,20.344754106378765,97.7004166360838,22.187214609154914,82.132385,89.10197448730469,86.21765899658203,-0.26,2.8843154907226562,-1.103485390845087,
2024-11-13 12:50:00,True,优化,23.234,21.569262775613158,55.06378270192451,20.69161595516524,97.738548783843,22.18737768963782,92.22018,91.99171447753906,88.81090545654297,-0.31,3.1808090209960938,-1.0466223103621815,
2024-11-13 13:00:00,False,保持,23.4357,21.4582949809894,54.41166671579242,20.214680993682357,98.68876296422312,23.4357,162.5703,102.13545989990234,102.13545989990234,-0.08,0.0,0.0,
2024-11-13 13:10:00,False,保持,23.753,21.393723583123943,55.92736985241613,19.520957618503484,99.52805019529589,23.753,188.07666,135.9861297607422,135.9861297607422,0.02,0.0,0.0,
2024-11-13 13:20:00,False,保持,23.9953,21.36896459291812,57.742098869030166,20.561542842468832,99.92477453731426,23.9953,179.36884,141.3299102783203,141.3299102783203,0.09,0.0,0.0,
2024-11-13 13:30:00,False,保持,24.06966666666667,21.4257372183655,58.31192280500674,21.34198184104136,99.37012985665032,24.06966666666667,192.37578,133.8029327392578,133.8029327392578,0.12,0.0,0.0,
2024-11-13 13:40:00,False,保持,24.163533333333334,21.35049831679932,58.3553016110802,22.38256674261263,100.0,24.163533333333334,206.4459,136.36587524414062,136.36587524414062,0.15,0.0,0.0,
2024-11-13 13:50:00,False,保持,24.264400000000002,21.207220083975795,58.886690676470145,22.77278608070186,100.0,24.264400000000002,204.07323,140.12966918945312,140.12966918945312,0.18,0.0,0.0,
2024-11-13 14:00:00,True,优化,24.2281,21.186808311897092,59.900349073610954,22.859501704095514,100.0,22.93743010836447,178.7101,138.3106689453125,122.24520111083984,0.1,16.065467834472656,-1.290669891635531,
2024-11-13 14:10:00,True,优化,24.1255,21.45510733496228,60.09076868482851,23.466509778274805,98.62867639506288,22.937465054182233,160.28874,121.96111297607422,111.47750091552734,0.09,10.483612060546875,-1.1880349458177655,
2024-11-13 14:20:00,True,优化,24.107999999999997,21.218294403596012,59.72523941953913,23.07629044018558,100.0,22.937482527091117,158.78142,114.04840850830078,101.13494110107422,0.01,12.913467407226562,-1.1705174729088803,
2024-11-13 14:30:00,True,优化,24.15714285714286,21.323018826174312,58.983654889579185,22.989574816791922,100.0,22.93749126354556,162.91211,115.30064392089844,102.0482177734375,0.01,13.252426147460938,-1.2196515935972982,
2024-11-13 14:40:00,True,优化,24.1145,21.232532756039504,58.503162803373904,22.729428591399106,100.0,22.93749563177278,165.42183,117.55998229980469,103.79425811767578,0.03,13.765724182128906,-1.1770043682272195,
2024-11-13 14:50:00,True,优化,24.089499999999997,21.307877575791736,57.67306658798208,22.94621732748917,100.0,22.93749781588639,151.274,120.1343765258789,106.7251205444336,-0.0,13.409255981445312,-1.1520021841136092,
2024-11-13 15:00:00,True,优化,23.898857142857146,21.43665839339197,57.00051439477277,22.51263985530904,98.17967867502996,22.937498907943194,143.1226,116.5307846069336,103.47730255126953,-0.02,13.053482055664062,-0.961358234913952,
2024-11-13 15:10:00,True,优化,23.877000000000002,21.457652715493953,56.292933430476026,22.989574816791922,97.63466264728137,22.937499453971597,142.20074,109.14521789550781,99.0943603515625,-0.14,10.050857543945312,-0.9395005460284054,
2024-11-13 15:20:00,True,优化,23.889,21.403259017964988,55.60944543422859,22.33920925330988,99.51264236380585,22.9374997269858,156.75417,108.95410919189453,97.20178985595703,-0.16,11.7523193359375,-0.9515002730142008,
2024-11-13 15:30:00,True,优化,23.8755,21.381385274635257,55.21353499577505,21.77555866843334,100.0,22.9374998634929,178.85487,116.00811004638672,102.70899963378906,-0.15,13.299110412597656,-0.9380001365070996,
2024-11-13 15:40:00,True,优化,23.8355,21.306283752778175,55.014981698273886,21.992347404523404,100.0,22.93749993174645,167.80417,125.74811553955078,111.2581787109375,-0.17,14.489936828613281,-0.8980000682535483,
2024-11-13 15:50:00,True,优化,23.9481,21.370366029741938,55.45275572204834,22.122420517219815,100.0,22.937499965873226,159.0044,124.10350799560547,110.31561279296875,-0.19,13.787895202636719,-1.0106000341267745,
2024-11-13 16:00:00,True,优化,23.9794,21.551104290099445,56.07664366136613,21.602128066434176,95.6605553476406,22.937499982936615,165.5603,121.49740600585938,108.43524932861328,-0.12,13.062156677246094,-1.0419000170633836,
2024-11-13 16:10:00,True,优化,23.986,21.585475696920714,56.568960061977236,22.07906302791706,95.00923298155942,22.937499991468307,170.86134,116.3631820678711,105.751708984375,-0.1,10.611473083496094,-1.0485000085316933,
2024-11-13 16:20:00,True,优化,23.9275,21.63427381584623,57.676552397829646,22.555997344611797,94.13682164466806,22.937499995734154,159.14833,117.57950592041016,104.80567169189453,-0.07,12.773834228515625,-0.9900000042658448,
2024-11-13 16:30:00,True,优化,23.85242857142857,21.60711119257808,57.21820532322081,21.77555866843334,97.98865285705456,22.93749999786708,152.52492,114.19172668457031,101.26177978515625,-0.12,12.929946899414062,-0.9149285735614932,
2024-11-13 16:40:00,True,优化,23.764971428571428,21.708680727331128,56.35495994616611,21.51541244304052,93.81331554637529,22.93749999893354,170.66676,113.10184478759766,101.34181213378906,-0.17,11.760032653808594,-0.8274714296378889,
2024-11-13 16:50:00,True,优化,23.7821,21.724069779861615,55.97343697493541,21.21190872834495,95.76977859411069,22.93749999946677,171.38153,122.08076477050781,109.7103042602539,-0.22,12.370460510253906,-0.8446000005332301,
2024-11-13 17:00:00,True,优化,23.9585,21.814231680290405,55.96995110938529,20.995119992254885,90.85632693039307,22.937499999733383,158.457,124.81685638427734,112.66342163085938,-0.22,12.153434753417969,-1.0210000002666177,
2024-11-13 17:10:00,True,优化,24.1556,21.841969482986418,56.62732992810032,21.94898991522065,94.05670663304308,22.93749999986669,169.3659,111.23593139648438,100.9217758178711,-0.11,10.314155578613281,-1.2181000001333082,
2024-11-13 17:20:00,True,优化,24.2514,21.89531819387568,58.59133280936692,22.729428591399106,90.32748862900266,22.937499999933344,167.35806,111.89080047607422,99.50475311279297,0.04,12.38604736328125,-1.3139000000666563,
2024-11-13 17:30:00,True,优化,24.27,21.990650157514857,60.60557187047299,22.90285919339827,95.56156673585303,22.937499999966672,163.53008,108.37124633789062,96.59623718261719,0.11,11.775009155273438,-1.3325000000333276,
2024-11-13 17:40:00,True,优化,24.341,21.970491169560596,62.94754367749954,22.989574816791922,88.7490613462446,22.937499999983338,168.742,105.40953826904297,93.97097778320312,0.12,11.438560485839844,-1.4035000000166633,
2024-11-13 17:50:00,True,优化,24.384999999999998,22.077881120200562,64.92589949040824,23.37979415488115,90.74424265525171,22.93749999999167,165.34506,104.9632797241211,94.32682037353516,0.18,10.636459350585938,-1.4475000000083291,
2024-11-13 18:00:00,True,优化,24.432499999999997,22.156289343674697,66.35643989028341,23.770013492970378,90.45857440619596,22.937499999995836,148.64989,103.10301208496094,92.83175659179688,0.22,10.271255493164062,-1.4950000000041612,
2024-11-13 18:10:00,True,优化,24.4427,22.063307815142934,67.40661921840871,23.50986726757756,86.16135901259311,22.937499999997918,143.44983,90.47144317626953,82.17483520507812,0.26,8.296607971191406,-1.5052000000020804,
2024-11-13 18:20:00,True,优化,24.381228571428572,22.07966729528074,68.26781450142315,23.336436665578397,85.48936559018546,22.93749999999896,141.83476,87.05610656738281,78.90050506591797,0.28,8.155601501464844,-1.443728571429613,
2024-11-13 18:30:00,True,优化,24.439285714285713,22.100469299439236,68.56684004719818,23.293078531487495,84.90484215892532,22.93749999999948,137.60246,86.30963897705078,80.12762451171875,0.24,6.182014465332031,-1.5017857142862319,
2024-11-13 18:40:00,True,优化,24.394285714285715,22.1178834571848,68.98240156529319,23.249721042184742,84.43790588846483,22.93749999999974,124.55333,83.89991760253906,80.85955810546875,0.28,3.0403594970703125,-1.4567857142859744,
2024-11-13 18:50:00,True,优化,24.3394,22.13529369077076,68.5794849715638,22.859501704095514,83.94461313642987,22.937499999999872,119.90525,79.10753631591797,78.10243225097656,0.25,1.0051040649414062,-1.4019000000001292,
2024-11-13 19:00:00,False,保持,24.247500000000002,22.15327391706929,68.44435949879147,22.859501704095514,83.43756410157361,24.247500000000002,119.12481,77.44693756103516,77.44693756103516,0.18,0.0,0.0,
2024-11-13 19:10:00,False,保持,24.2226,22.16979462898193,68.39938570591453,22.729428591399106,83.06433397069253,24.2226,120.91589,73.88912963867188,73.88912963867188,0.17,0.0,0.0,
2024-11-13 19:20:00,False,保持,24.200833333333332,22.189079757778135,67.49321752126394,22.77278608070186,82.73424309818685,24.200833333333332,121.806656,75.5982666015625,75.5982666015625,0.16,0.0,0.0,
2024-11-13 19:30:00,False,保持,24.229666666666667,22.207850070958052,67.25272064958072,22.555997344611797,82.41750493457967,24.229666666666667,121.034805,77.40644836425781,77.40644836425781,0.18,0.0,0.0,
2024-11-13 19:40:00,False,保持,24.2125,22.22663691679298,67.51267419900752,22.252493629916223,82.07149369170197,24.2125,120.61713,76.83206176757812,76.83206176757812,0.16,0.0,0.0,
2024-11-13 19:50:00,False,保持,24.2271,22.245093996729064,67.66497833805751,22.035704893826157,81.75051862278819,24.2271,120.61641,75.65605163574219,75.65605163574219,0.18,0.0,0.0,
2024-11-13 20:00:00,False,保持,24.2264,22.26341733106907,67.86400934062351,22.295851119218977,81.43467887682148,24.2264,122.94187,75.22985076904297,75.22985076904297,0.18,0.0,0.0,
2024-11-13 20:10:00,False,保持,24.2235,22.28041066535153,67.889366923655,22.035704893826157,81.12076510979102,24.2235,121.707855,80.28280639648438,80.28280639648438,0.18,0.0,0.0,
2024-11-13 20:20:00,False,保持,24.258,22.298843927345,68.12052270059081,22.209136140613467,80.80630124045962,24.258,118.98097,76.6721420288086,76.6721420288086,0.18,0.0,0.0,
2024-11-13 20:30:00,False,保持,24.2375,22.317282683161913,68.30506480159129,22.035704893826157,80.4992656148398,24.2375,120.89196,76.4797134399414,76.4797134399414,0.18,0.0,0.0,
2024-11-13 20:40:00,False,保持,24.198500000000003,22.336600774898756,68.37307182151257,22.07906302791706,80.16169139526,24.198500000000003,121.95517,76.32694244384766,76.32694244384766,0.16,0.0,0.0,
2024-11-13 20:50:00,False,保持,24.10925,22.354819692470294,68.08361463688705,22.035704893826157,79.82274160948634,24.10925,55.80675,75.90544128417969,75.90544128417969,0.13,0.0,0.0,
2024-11-13 21:00:00,False,保持,23.87525,22.374385117162046,68.49387772846995,22.035704893826157,79.49534692122654,23.87525,19.58471,31.164609909057617,31.164609909057617,0.05,0.0,0.0,
2024-11-13 21:10:00,False,保持,23.6705,22.397385469651145,68.29054025039403,21.645485555736933,79.17565568304953,23.6705,19.285084,9.728472709655762,9.728472709655762,-0.01,0.0,0.0,
2024-11-13 21:20:00,False,保持,23.524,22.42294142254844,68.23910763549301,20.734973444467993,78.88677801237262,23.524,19.181667,9.446781158447266,9.446781158447266,-0.05,0.0,0.0,
2024-11-13 21:30:00,False,保持,23.345,22.450640772745775,68.04773150009477,20.30139629468194,78.57479012726544,23.345,19.212025,7.314355850219727,7.314355850219727,-0.11,0.0,0.0,
2024-11-13 21:40:00,False,保持,23.268,22.480122367465597,67.55254385586515,19.781103843896304,78.23446474134343,23.268,19.298643,5.35707950592041,5.35707950592041,-0.14,0.0,0.0,
2024-11-13 21:50:00,False,保持,23.1405,22.506647951675053,66.81095932590522,19.390884505807076,77.9059695913974,23.1405,19.275875,7.593681335449219,7.593681335449219,-0.18,0.0,0.0,
2024-11-13 22:00:00,False,保持,23.0975,22.533876226506525,66.19137763928714,19.347526694110247,77.5945319832145,23.0975,19.371973,11.536436080932617,11.536436080932617,-0.19,0.0,0.0,
2024-11-13 22:10:00,False,保持,23.073,22.543933730261028,65.6339929738633,18.3069414701449,77.36150397639122,23.073,19.276112,8.865070343017578,8.865070343017578,-0.21,0.0,0.0,
2024-11-13 22:20:00,False,保持,22.97757142857143,22.544208523802354,65.16033592470167,17.699933557162645,77.151586242206,22.97757142857143,18.183725,7.42357063293457,7.42357063293457,-0.24,0.0,0.0,
2024-11-13 22:30:00,False,保持,22.88542857142857,22.544208523802354,64.62311469096996,17.52650263276941,76.94249381669292,22.88542857142857,17.327858,6.109641075134277,6.109641075134277,-0.27,0.0,0.0,
2024-11-13 22:40:00,False,保持,22.8231,22.544208523802354,64.10195495318234,17.439787170572792,76.78484915008076,22.8231,19.803442,6.453153610229492,6.453153610229492,-0.28,0.0,0.0,
2024-11-13 22:50:00,False,保持,22.7749,22.544208523802354,63.693912388034235,16.399202027205963,76.56266090599314,22.7749,19.543058,8.88073444366455,8.88073444366455,-0.3,0.0,0.0,
2024-11-13 23:00:00,False,保持,22.7765,22.544208523802354,63.13413607794341,16.876136908090327,76.40397082770016,22.7765,19.400541,11.527045249938965,11.527045249938965,-0.3,0.0,0.0,
2024-11-13 23:10:00,False,保持,22.726666666666667,22.560998509840537,62.722676049976016,16.355844296107655,76.13088523745404,22.726666666666667,19.356388,9.571366310119629,9.571366310119629,-0.31,0.0,0.0,
2024-11-13 23:20:00,False,保持,22.685333333333332,22.587442960717343,62.233868352960336,16.399202027205963,75.80605836588849,22.685333333333332,19.454847,8.848600387573242,8.848600387573242,-0.32,0.0,0.0,
2024-11-13 23:30:00,False,保持,22.648500000000002,22.617249077037936,61.80885255253727,16.48591748940258,75.45876329227403,22.648500000000002,19.371973,10.089251518249512,10.089251518249512,-0.34,0.0,0.0,
2024-11-13 23:40:00,False,保持,22.63,22.64466447589975,61.453210935411356,16.225771143111984,75.1499851586321,22.63,19.211653,9.698002815246582,9.698002815246582,-0.34,0.0,0.0,
2024-11-13 23:50:00,False,保持,22.6175,22.67143868414462,60.94367074945746,15.835551714349425,74.8482683268735,22.6175,19.494514,9.636266708374023,9.636266708374023,-0.34,0.0,0.0,
2024-11-14 00:00:00,False,保持,22.5947,22.699605192746063,60.57128360907911,15.835551714349425,74.50931869632059,22.5947,19.1539,11.719508171081543,11.719508171081543,-0.35,0.0,0.0,
2024-11-14 00:10:00,False,保持,22.5543,22.709085621106468,60.201288781798326,15.575405428507718,74.27089839861594,22.5543,19.12004,12.64538860321045,12.64538860321045,-0.37,0.0,0.0,
2024-11-14 00:20:00,False,保持,22.504166666666666,22.709085621106468,59.790785946442206,15.792194003400745,74.09371982281522,22.504166666666666,17.1326,10.996519088745117,10.996519088745117,-0.38,0.0,0.0,
2024-11-14 00:30:00,False,保持,22.455833333333334,22.709085621106468,59.484264397170676,15.705478571428571,73.88457260438108,22.455833333333334,17.729584,10.498826026916504,10.498826026916504,-0.4,0.0,0.0,
2024-11-14 00:40:00,False,保持,22.423333333333336,22.709085621106468,59.13994577150474,15.358616843539876,73.69083197567106,22.423333333333336,19.840416,11.659107208251953,11.659107208251953,-0.41,0.0,0.0,
2024-11-14 00:50:00,False,保持,22.433952380952384,22.709085621106468,58.84012234241011,14.708251078561535,73.51172773137554,22.433952380952384,19.636518,12.551471710205078,12.551471710205078,-0.41,0.0,0.0,
2024-11-14 01:00:00,False,保持,22.41357142857143,22.71026331258688,58.490176533784705,14.664893428061744,73.29713288586639,22.41357142857143,19.49981,11.669046401977539,11.669046401977539,-0.41,0.0,0.0,
2024-11-14 01:10:00,False,保持,22.413142857142855,22.72624854732986,58.11391639513695,14.664893428061744,73.02806394269743,22.413142857142855,19.321007,11.613454818725586,11.613454818725586,-0.41,0.0,0.0,
2024-11-14 01:20:00,False,保持,22.406,22.752821232917746,57.838641580946856,14.621535696963434,72.72611800512725,22.406,19.594625,10.06020736694336,10.06020736694336,-0.41,0.0,0.0,
2024-11-14 01:30:00,False,保持,22.398400000000002,22.784461936504876,57.50168198620809,14.621535696963434,72.36680931193435,22.398400000000002,19.356766,10.773032188415527,10.773032188415527,-0.41,0.0,0.0,
2024-11-14 01:40:00,False,保持,22.37035,22.80917702730788,57.23925675451345,14.23131619767717,72.07889470833592,22.37035,19.212337,11.139449119567871,11.139449119567871,-0.43,0.0,0.0,
2024-11-14 01:50:00,False,保持,22.32925,22.836758204851193,56.98544347119274,14.05788543448097,71.73513044088386,22.32925,19.587896,11.106274604797363,11.106274604797363,-0.44,0.0,0.0,
2024-11-14 02:00:00,False,保持,22.357499999999998,22.865979919968865,56.63809489141902,14.274674009373998,71.4019578158153,22.357499999999998,18.6235,10.299629211425781,10.299629211425781,-0.43,0.0,0.0,
2024-11-14 02:10:00,False,保持,22.307,22.884185085920247,56.34983380763974,14.23131619767717,71.3932915314851,22.307,17.12325,10.396668434143066,10.396668434143066,-0.44,0.0,0.0,
2024-11-14 02:20:00,False,保持,22.22357142857143,22.90347570853989,56.20869346216315,14.10124308498076,71.51654611192697,22.22357142857143,18.795727,8.965743064880371,8.965743064880371,-0.47,0.0,0.0,
2024-11-14 02:30:00,False,保持,22.227095238095238,22.92384588452684,55.96161254912449,13.971169972284352,71.67721696207725,22.227095238095238,19.462538,11.947929382324219,11.947929382324219,-0.47,0.0,0.0,
2024-11-14 02:40:00,False,保持,22.220833333333335,22.940153019787903,55.6017561428852,13.754381397391324,71.78469801096671,22.220833333333335,19.36111,12.867446899414062,12.867446899414062,-0.47,0.0,0.0,
2024-11-14 02:50:00,False,保持,22.215666666666667,22.958874434526905,55.50777658378553,13.754381397391324,71.89658049914667,22.215666666666667,19.265722,12.51697063446045,12.51697063446045,-0.47,0.0,0.0,
2024-11-14 03:00:00,False,保持,22.200133333333333,22.978018498316302,55.35547266754573,13.711023585694496,72.0339583042381,22.200133333333333,19.186153,11.84887981414795,11.84887981414795,-0.48,0.0,0.0,
2024-11-14 03:10:00,False,保持,22.1992,22.994304681977418,55.10269605741167,13.537592822498297,72.19046551327088,22.1992,19.365833,12.794831275939941,12.794831275939941,-0.48,0.0,0.0,
2024-11-14 03:20:00,False,保持,22.173375,23.01366860107375,54.955176544556835,13.49423501080147,72.39165270173974,22.173375,19.198843,13.312657356262207,13.312657356262207,-0.48,0.0,0.0,
2024-11-14 03:30:00,False,保持,22.173625,23.032079870711907,54.766192053825584,13.927812160587525,72.59646708845027,22.173625,18.90524,17.75519561767578,17.75519561767578,-0.48,0.0,0.0,
2024-11-14 03:40:00,False,保持,22.1545,23.049721697960475,54.5915607732492,13.711023585694496,72.77075638540515,22.1545,18.758791,17.25271224975586,17.25271224975586,-0.5,0.0,0.0,
2024-11-14 03:50:00,False,保持,22.154714285714284,23.06939705883648,54.38104657869074,13.624308284694916,72.9686379930047,22.154714285714284,16.95669,14.722933769226074,14.722933769226074,-0.5,0.0,0.0,
2024-11-14 04:00:00,False,保持,22.084285714285713,23.086972175371862,54.15925462314254,13.36416189810506,73.18048139568471,22.084285714285713,18.446518,13.147476196289062,13.147476196289062,-0.51,0.0,0.0,
2024-11-14 04:10:00,False,保持,22.130333333333333,23.077762616393183,53.95454998169075,13.277446435908441,73.23825703847461,22.130333333333333,19.202444,15.899799346923828,15.899799346923828,-0.5,0.0,0.0,
2024-11-14 04:20:00,False,保持,22.098466666666667,23.049098848524267,53.81489054419618,13.104015672712242,73.23825703847461,22.098466666666667,19.393648,18.56005096435547,18.56005096435547,-0.51,0.0,0.0,
2024-11-14 04:30:00,False,保持,22.1242,23.022392417340303,53.81281729530236,13.711023585694496,73.23825703847461,22.1242,19.3137,24.673635482788086,24.673635482788086,-0.5,0.0,0.0,
2024-11-14 04:40:00,False,保持,22.1025,22.99314688428002,53.56578205835432,13.147373323212033,73.23825703847461,22.1025,18.81475,24.586088180541992,24.586088180541992,-0.51,0.0,0.0,
2024-11-14 04:50:00,False,保持,22.058285714285713,22.966678598399035,53.45286987109713,13.104015672712242,73.23825703847461,22.058285714285713,19.185917,22.62940216064453,22.62940216064453,-0.53,0.0,0.0,
2024-11-14 05:00:00,False,保持,22.030214285714287,22.939489597953752,53.33189240028716,12.930584748319005,73.24375930324994,22.030214285714287,18.777208,23.42251205444336,23.42251205444336,-0.54,0.0,0.0,
2024-11-14 05:10:00,False,保持,22.0106,22.918793580227558,53.186309553674675,12.583722899532532,73.27704918481835,22.0106,18.9686,22.61838150024414,22.61838150024414,-0.54,0.0,0.0,
2024-11-14 05:20:00,False,保持,22.0024,22.90018917369087,53.22513155698059,12.713796334623014,73.32761637646385,22.0024,18.493732,27.14781379699707,27.14781379699707,-0.54,0.0,0.0,
2024-11-14 05:30:00,False,保持,21.972,22.879337725121424,52.90553260874883,12.49700759853295,73.39925819835865,21.972,17.179916,31.78607940673828,31.78607940673828,-0.55,0.0,0.0,
2024-11-14 05:40:00,False,保持,21.9805,22.861963320818756,52.684173796225835,12.62708071122936,73.46422335536272,21.9805,19.138103,32.65964126586914,32.65964126586914,-0.54,0.0,0.0,
2024-11-14 05:50:00,False,保持,21.9805,22.84386349296027,52.59486433887946,12.75715382392577,73.53130727546156,21.9805,18.96173,33.45941925048828,33.45941925048828,-0.54,0.0,0.0,
2024-11-14 06:00:00,False,保持,21.982,22.824417166512355,52.50794741744087,12.540365410229779,73.60127985352331,21.982,19.307041,33.16592788696289,33.16592788696289,-0.54,0.0,0.0,
2024-11-14 06:10:00,False,保持,21.957,22.81900370303744,52.57014488425549,12.800511635622597,73.66772178064339,21.957,19.032444,30.370290756225586,30.370290756225586,-0.56,0.0,0.0,
2024-11-14 06:20:00,False,保持,21.976,22.81900370303744,52.42581512219743,12.800511635622597,73.73384271127411,21.976,19.243763,33.182579040527344,33.182579040527344,-0.55,0.0,0.0,
2024-11-14 06:30:00,False,保持,21.947,22.81900370303744,52.23842550686456,12.49700759853295,73.80670394729876,21.947,19.283667,37.44478988647461,37.44478988647461,-0.56,0.0,0.0,
2024-11-14 06:40:00,False,保持,21.9525,22.81900370303744,52.168254108678404,12.75715382392577,73.8651215830674,21.9525,18.841667,39.6367301940918,39.6367301940918,-0.56,0.0,0.0,
2024-11-14 06:50:00,False,保持,21.942,22.81900370303744,52.0390749944744,12.583722899532532,73.93156319974602,21.942,18.558332,38.169654846191406,38.169654846191406,-0.57,0.0,0.0,
2024-11-14 07:00:00,False,保持,21.9185,22.818728909496112,51.988838424717066,12.540365410229779,74.00859739013255,21.9185,16.862583,38.23485565185547,38.23485565185547,-0.57,0.0,0.0,
2024-11-14 07:10:00,False,保持,21.880000000000003,22.81339785337278,51.881189014340265,12.843869447319424,74.2435512982817,21.880000000000003,18.524334,32.34920120239258,32.34920120239258,-0.58,0.0,0.0,
2024-11-14 07:20:00,False,保持,21.884,22.80432963238593,51.79267721750328,12.887226936622177,74.60946277129331,21.884,19.09525,36.79995346069336,36.79995346069336,-0.58,0.0,0.0,
2024-11-14 07:30:00,False,保持,21.8456,22.795224763160732,51.78470328613175,12.49700759853295,74.99720076381654,21.8456,19.088593,41.90673065185547,41.90673065185547,-0.6,0.0,0.0,
2024-11-14 07:40:00,False,保持,21.86665,22.786031941575825,51.67864875115333,12.410292297533369,75.41613750410505,21.86665,19.217012,44.84741973876953,44.84741973876953,-0.58,0.0,0.0,
2024-11-14 07:50:00,False,保持,21.88875,22.77531675080519,51.68383176198279,12.280219184836959,75.85125166031025,21.88875,18.878145,45.673213958740234,45.673213958740234,-0.58,0.0,0.0,
2024-11-14 08:00:00,False,保持,21.884166666666665,22.766105622162673,51.60249668162834,12.323576674139714,76.21754839119741,21.884166666666665,18.80625,46.74276351928711,46.74276351928711,-0.58,0.0,0.0,
2024-11-14 08:10:00,False,保持,21.883333333333333,22.734687367240127,51.35330842973554,12.063430448746896,77.02255419061758,21.883333333333333,19.049917,40.16374969482422,40.16374969482422,-0.58,0.0,0.0,
2024-11-14 08:20:00,False,保持,21.8585,22.691590335626582,51.387596691129424,12.063430448746896,78.05095864545234,21.8585,58.039417,42.84858703613281,42.84858703613281,-0.6,0.0,0.0,
2024-11-14 08:30:00,False,保持,21.8855,22.645415585639384,51.36925673809899,12.800511635622597,79.14099031289766,21.8855,211.04367,97.66840362548828,97.66840362548828,-0.58,0.0,0.0,
2024-11-14 08:40:00,False,保持,21.889666666666667,22.598672924450362,51.417100771948554,12.280219184836959,80.25798397802242,21.889666666666667,286.07364,183.82261657714844,183.82261657714844,-0.57,0.0,0.0,
2024-11-14 08:50:00,False,保持,22.17083333333333,22.551389838238276,53.007919242245244,12.323576674139714,81.39744576758572,22.17083333333333,225.65965,218.26223754882812,218.26223754882812,-0.5,0.0,0.0,
2024-11-14 09:00:00,True,优化,22.4715,22.50319992659517,54.2351219412343,13.147373323212033,82.52920426228695,25.937499999999872,175.94858,200.1082763671875,157.90675354003906,0.0,42.20152282714844,3.465999999999873,
2024-11-14 09:10:00,True,优化,22.580000000000002,22.438247508961137,55.1106699887832,14.578177965865125,83.67444336777606,26.191964285714242,160.96237,177.0594482421875,134.7208251953125,0.0,42.338623046875,3.61196428571424,
2024-11-14 09:20:00,True,优化,22.679166666666667,22.3538304288969,56.48858184001876,15.271901421642516,84.9840221208153,26.282844387755087,168.0379,165.4520721435547,121.65948486328125,0.0,43.79258728027344,3.6036777210884203,
2024-11-14 09:30:00,True,优化,22.848333333333336,22.275367250126816,57.48932223104483,16.269128874210296,86.19923411480762,26.65224125364431,176.27725,165.6977996826172,115.20856475830078,0.0,50.489234924316406,3.803907920310973,
2024-11-14 09:40:00,True,优化,22.940833333333334,22.18714883239344,58.15754563987313,16.962852289688428,87.57236644744553,26.757783215326945,172.39558,166.1084442138672,112.78010559082031,0.0,53.328338623046875,3.8169498819936116,
2024-11-14 09:50:00,True,优化,23.09388095238095,22.10647814323317,58.5713976467228,17.26635640737659,88.82545354365237,26.787938061521984,162.14034,162.5694122314453,109.13072967529297,0.0,53.438682556152344,3.694057109141035,
2024-11-14 10:00:00,True,优化,23.153785714285714,22.02646432426668,58.960530198948504,17.743291207662438,90.0958732085196,27.097415298897566,157.60487,156.0286102294922,102.45146942138672,0.0,53.57714080810547,3.943629584611852,
2024-11-14 10:10:00,True,优化,23.24223076923077,21.970777735580718,59.11044191349581,18.26358381964511,91.44525304270961,27.163731849763764,161.86092,147.95799255371094,100.72599029541016,0.0,47.23200225830078,3.9215010805329946,
2024-11-14 10:20:00,True,优化,23.27576923076923,21.931119359716135,59.34432622411822,18.610445507234548,92.79690406676062,27.17794253923509,191.14265,146.68939208984375,99.66582489013672,0.0,47.02356719970703,3.9021733084658585,
2024-11-14 10:30:00,True,优化,23.418,21.89846100211399,59.48896279581915,19.21745358141384,93.9530067613689,27.18098768697895,182.07921,157.140380859375,105.68485260009766,0.0,51.455528259277344,3.762987686978949,
2024-11-14 10:40:00,True,优化,23.586714285714287,21.861644809739293,60.08885496803657,19.651030731199892,95.23147555290588,27.454426812425563,179.00372,152.41622924804688,101.92882537841797,0.0,50.487403869628906,3.8677125267112764,
2024-11-14 10:50:00,True,优化,23.64953571428571,21.82176415582576,60.373869540121106,20.258038805379186,96.61423653845915,28.0,181.11896,148.07489013671875,87.20777893066406,0.0,60.86711120605469,4.350464285714288,
2024-11-14 11:00:00,True,优化,23.655250000000002,21.78446273258584,60.44734454511528,20.344754106378765,97.93344518617967,28.0,182.61932,147.3314208984375,87.3730239868164,0.0,59.958396911621094,4.344749999999998,
2024-11-14 11:10:00,True,优化,23.655,21.75282595315831,60.985932942222874,20.778331256164822,98.8963700824795,28.0,176.30417,141.91558837890625,88.89622497558594,0.0,53.01936340332031,4.344999999999999,
2024-11-14 11:20:00,True,优化,23.7237,21.71528894384993,61.21319266003377,21.16855059425405,99.9401823688043,28.0,175.91034,138.0746307373047,85.70317840576172,0.0,52.37145233154297,4.276299999999999,
2024-11-14 11:30:00,True,优化,23.795966666666665,21.677125365684503,61.377298164039175,21.16855059425405,100.0,28.0,173.02434,138.02841186523438,83.33753204345703,0.0,54.690879821777344,4.204033333333335,
2024-11-14 11:40:00,True,优化,23.823333333333334,21.64252683533026,61.58334724222663,21.255266217647705,100.0,28.0,175.4211,136.8148956298828,80.8594741821289,0.0,55.955421447753906,4.176666666666666,
2024-11-14 11:50:00,True,优化,23.950666666666667,21.605279258384666,61.336790378774026,21.51541244304052,100.0,28.0,178.22752,138.06857299804688,81.0135498046875,0.0,57.055023193359375,4.049333333333333,
2024-11-14 12:00:00,True,优化,23.961233333333332,21.569070389423416,61.19086574131758,21.558769932343278,100.0,25.214285714285715,162.30585,136.5268096923828,104.4043960571289,-0.47,32.122413635253906,1.2530523809523828,
2024-11-14 12:10:00,True,优化,23.8741,21.544641096870176,61.43311657488066,22.42592423191539,100.0,25.107142857142858,106.56592,112.46954345703125,92.810302734375,-0.43,19.65924072265625,1.233042857142859,
2024-11-14 12:20:00,True,优化,23.7175,21.52537797749085,61.1974043293926,22.90285919339827,100.0,25.05357142857143,100.20792,87.30455017089844,73.78723907470703,-0.47,13.517311096191406,1.3360714285714295,
2024-11-14 12:30:00,True,优化,23.6755,21.507406350220318,60.471608352884026,22.42592423191539,100.0,24.602040816326532,89.03183,87.92452239990234,71.72884368896484,-0.46,16.1956787109375,0.9265408163265327,
2024-11-14 12:40:00,True,优化,23.652,21.488692817923642,59.146325050288084,21.94898991522065,100.0,24.602040816326532,100.34533,86.13627624511719,68.82325744628906,-0.5,17.313018798828125,0.9500408163265313,
2024-11-14 12:50:00,True,优化,23.672,21.468429413200916,58.524350939167334,22.122420517219815,100.0,24.173469387755105,104.754,93.34513092041016,74.43087768554688,-0.43,18.91425323486328,0.5014693877551046,
2024-11-14 13:00:00,False,保持,23.932,21.45119429950246,59.53864724190545,21.94898991522065,100.0,23.932,172.03433,96.61579132080078,96.61579132080078,0.08,0.0,0.0,
2024-11-14 13:10:00,False,保持,24.220714285714287,21.445027840985148,62.18921362428715,21.385339330344113,100.0,24.220714285714287,173.49188,126.86333465576172,126.86333465576172,0.16,0.0,0.0,
2024-11-14 13:20:00,False,保持,24.33235714285714,21.445027840985148,65.66611685699232,22.729428591399106,100.0,24.33235714285714,177.95123,124.44849395751953,124.44849395751953,0.21,0.0,0.0,
2024-11-14 13:30:00,False,保持,24.538095238095234,21.445027840985148,66.78054484261644,23.596582890971217,100.0,24.538095238095234,191.93472,124.46558380126953,124.46558380126953,0.28,0.0,0.0,
2024-11-14 13:40:00,False,保持,24.566499999999998,21.445027840985148,68.69510831331213,24.290305943756017,100.0,24.566499999999998,194.70981,127.23412322998047,127.23412322998047,0.28,0.0,0.0,
2024-11-14 13:50:00,False,保持,24.60333333333333,21.445027840985148,67.2774401042047,25.157460243328124,100.0,24.60333333333333,183.76071,127.12609100341797,127.12609100341797,0.29,0.0,0.0,
2024-11-14 14:00:00,True,优化,24.641,21.445027840985148,64.78874644483271,25.807826451598316,100.0,24.173469387755105,181.87166,122.00302124023438,102.44001770019531,0.04,19.563003540039062,-0.467530612244893,
2024-11-14 14:10:00,True,优化,24.673714285714286,21.439916674291876,63.22025533887261,25.5476802262055,100.0,24.173469387755105,174.60236,114.0504379272461,97.76742553710938,0.04,16.28301239013672,-0.5002448979591811,
2024-11-14 14:20:00,True,优化,24.638285714285715,21.42995340368514,62.37443886135515,25.634395204811007,100.0,24.173469387755105,162.67058,109.67668914794922,93.97554016113281,0.06,15.701148986816406,-0.46481632653060956,
2024-11-14 14:30:00,True,优化,24.5795,21.42083413450037,61.836534045935494,25.67775333890191,100.0,24.173469387755105,152.4227,105.48812866210938,90.46520233154297,0.03,15.022926330566406,-0.40603061224489423,
2024-11-14 14:40:00,True,优化,24.548499999999997,21.4117227136348,60.89502905509851,25.634395204811007,100.0,24.173469387755105,162.87628,102.59008026123047,88.44974517822266,-0.0,14.140335083007812,-0.37503061224489187,
2024-11-14 14:50:00,True,优化,24.541999999999998,21.402269720268464,59.97881346737238,25.851183940901073,100.0,24.173469387755105,172.52167,107.91368865966797,92.34812927246094,-0.03,15.565559387207031,-0.3685306122448928,
2024-11-14 15:00:00,True,优化,24.527,21.394465556396334,59.610413292679794,25.764468317507415,100.0,24.173469387755105,168.1654,113.50746154785156,96.17406463623047,-0.03,17.333396911621094,-0.3535306122448958,
2024-11-14 15:10:00,True,优化,24.5095,21.406061891612627,58.91906522107209,25.634395204811007,100.0,24.173469387755105,164.6035,105.987060546875,91.41747283935547,-0.05,14.569587707519531,-0.33603061224489394,
2024-11-14 15:20:00,True,优化,24.609625,21.434577769849344,58.16654494377656,25.851183940901073,100.0,24.173469387755105,159.55124,104.09969329833984,89.5628890991211,-0.05,14.53680419921875,-0.43615561224489596,
2024-11-14 15:30:00,True,优化,24.617775,21.462753167525364,58.74819330556405,25.330891490115434,100.0,24.173469387755105,167.80682,102.45370483398438,88.26729583740234,-0.01,14.186408996582031,-0.4443056122448965,
2024-11-14 15:40:00,True,优化,24.552599999999998,21.490057197031593,59.84867738336731,25.807826451598316,100.0,24.173469387755105,174.58432,105.6632308959961,90.80638885498047,0.0,14.856842041015625,-0.379130612244893,
2024-11-14 15:50:00,True,优化,24.5125,21.518716938371533,60.86010288810732,25.937899564294725,100.0,24.173469387755105,168.13666,109.68358612060547,93.43309783935547,-0.02,16.25048828125,-0.33903061224489406,
2024-11-14 16:00:00,True,优化,24.511125,21.545910681931463,61.87487745293578,25.5476802262055,100.0,24.173469387755105,182.94308,109.40621185302734,92.32402801513672,-0.03,17.082183837890625,-0.3376556122448946,
2024-11-14 16:10:00,True,优化,24.541041666666665,21.615141183304363,62.47424535275694,25.460964602811842,100.0,24.173469387755105,168.9198,109.77283477783203,92.72008514404297,-0.02,17.052749633789062,-0.36757227891155964,
2024-11-14 16:20:00,True,优化,24.556533333333334,21.70282008027754,61.83018306404732,25.37424897941819,100.0,24.173469387755105,171.75752,103.81006622314453,87.89244842529297,-0.01,15.917617797851562,-0.383063945578229,
2024-11-14 16:30:00,True,优化,24.5524,21.793698975849793,61.35943636169398,25.330891490115434,100.0,24.173469387755105,180.40839,104.77275085449219,88.21949005126953,-0.02,16.553260803222656,-0.37893061224489344,
2024-11-14 16:40:00,True,优化,24.541900000000002,21.89067417279035,61.41270315014621,25.5043220921146,100.0,24.173469387755105,167.22021,108.85121154785156,91.28142547607422,-0.02,17.569786071777344,-0.3684306122448966,
2024-11-14 16:50:00,True,优化,24.5385,21.98670958469159,61.076358678662,25.851183940901073,100.0,24.173469387755105,162.0093,106.45781707763672,91.0777587890625,-0.02,15.380058288574219,-0.36503061224489386,
2024-11-14 17:00:00,True,优化,24.482999999999997,22.067961015349415,60.68690695082744,25.5043220921146,100.0,24.173469387755105,155.96933,104.14118194580078,88.53299713134766,-0.02,15.608184814453125,-0.30953061224489176,
2024-11-14 17:10:00,True,优化,24.427,22.131356257275176,59.50037179201561,25.67775333890191,100.0,24.173469387755105,165.886,97.95581817626953,82.8717041015625,-0.06,15.084114074707031,-0.25353061224489437,
2024-11-14 17:20:00,True,优化,24.343,22.176779906053525,58.21336382790441,25.937899564294725,100.0,24.173469387755105,161.70683,103.4429702758789,86.5325698852539,-0.1,16.910400390625,-0.16953061224489474,
2024-11-14 17:30:00,True,优化,24.297,22.225583535864047,57.81625734430718,25.157460243328124,99.53093854281732,24.173469387755105,166.16791,104.78089904785156,88.05050659179688,-0.14,16.730392456054688,-0.12353061224489537,
2024-11-14 17:40:00,True,优化,24.220666666666666,22.27356276798903,57.194283241889956,24.50709467984608,98.67297142706492,24.173469387755105,161.25255,107.37709045410156,91.5370864868164,-0.18,15.840003967285156,-0.047197278911561114,
2024-11-14 17:50:00,True,优化,24.176583333333333,22.32101989921012,56.90243384686843,24.463737190543327,97.8108319778336,24.173469387755105,163.26363,106.61077117919922,91.77481079101562,-0.21,14.835960388183594,-0.0031139455782280834,
2024-11-14 18:00:00,True,优化,24.10425,22.364492489958877,56.240988352119246,23.770013492970378,96.98720962379554,24.173469387755105,152.63344,106.15826416015625,90.43840789794922,-0.23,15.719856262207031,0.06921938775510483,
2024-11-14 18:10:00,True,优化,24.107499999999998,22.385734153546554,55.50179602385178,23.900086605666786,96.40624447276869,24.173469387755105,151.72145,99.77268981933594,83.87989044189453,-0.26,15.892799377441406,0.06596938775510708,
2024-11-14 18:20:00,True,优化,24.115833333333335,22.39403296626695,54.2997114983363,23.466509778274805,96.01144486792066,24.173469387755105,154.17702,99.92887115478516,83.88597869873047,-0.27,16.042892456054688,0.057636054421770666,
2024-11-14 18:30:00,True,优化,24.103166666666667,22.403971395237267,53.88107497669657,23.50986726757756,95.52998241977075,24.173469387755105,156.20686,102.70262908935547,86.92090606689453,-0.27,15.781723022460938,0.0703027210884386,
2024-11-14 18:40:00,True,优化,24.1833,22.41283811915948,54.0724517805254,23.249721042184742,95.08511108787783,24.173469387755105,153.71173,103.674072265625,88.93038940429688,-0.29,14.743682861328125,-0.0098306122448939,
2024-11-14 18:50:00,True,优化,24.31012857142857,22.42326018373884,55.036511624911284,23.63994038027397,94.59555977654882,24.173469387755105,147.36636,101.97311401367188,88.61849212646484,-0.24,13.354621887207031,-0.13665918367346563,
2024-11-14 19:00:00,False,保持,24.36757142857143,22.432786153677547,56.87270213758062,24.203590965150507,94.13715195440182,24.36757142857143,146.06865,98.0047836303711,98.0047836303711,0.22,0.0,0.0,
2024-11-14 19:10:00,False,保持,24.428,22.4455884641811,57.73355526768451,23.943444739757688,93.80139335181245,24.428,103.99891,91.6409912109375,91.6409912109375,0.24,0.0,0.0,
2024-11-14 19:20:00,False,保持,24.1346,22.46396833627707,58.04830152120559,23.553224756880315,93.4250277619926,24.1346,22.784817,64.89051055908203,64.89051055908203,0.14,0.0,0.0,
2024-11-14 19:30:00,False,保持,23.937900000000003,22.481676136326207,58.49468754905653,23.770013492970378,93.05372361004778,23.937900000000003,18.35235,19.703996658325195,19.703996658325195,0.08,0.0,0.0,
2024-11-14 19:40:00,False,保持,23.86457142857143,22.5015768031455,58.40569737872411,23.50986726757756,92.61578505726584,23.86457142857143,18.111477,14.49416732788086,14.49416732788086,0.05,0.0,0.0,
2024-11-14 19:50:00,False,保持,23.71372857142857,22.521149285459618,57.87161988548324,22.035704893826157,92.20128607792088,23.71372857142857,17.558065,13.07204532623291,13.07204532623291,0.01,0.0,0.0,
2024-11-14 20:00:00,False,保持,23.540200000000002,22.537661334363406,57.50540698280337,22.252493629916223,91.8670685068337,23.540200000000002,16.395792,15.386531829833984,15.386531829833984,-0.05,0.0,0.0,
2024-11-14 20:10:00,False,保持,23.475,22.5554861191552,57.09093985269915,22.42592423191539,91.6501630453957,23.475,18.1135,12.813995361328125,12.813995361328125,-0.08,0.0,0.0,
2024-11-14 20:20:00,False,保持,23.417857142857144,22.572622344031757,56.5436026460534,21.385339330344113,91.51843527522364,23.417857142857144,18.434376,13.191184043884277,13.191184043884277,-0.09,0.0,0.0,
2024-11-14 20:30:00,False,保持,23.312142857142856,22.592297675050023,56.15025524901177,20.604900331771585,91.38252523744532,23.312142857142856,18.443583,14.472749710083008,14.472749710083008,-0.12,0.0,0.0,
2024-11-14 20:40:00,False,保持,23.27285714285714,22.610379204381683,55.996812215633916,20.258038805379186,91.26917436106929,23.27285714285714,18.431946,15.2562255859375,15.2562255859375,-0.14,0.0,0.0,
2024-11-14 20:50:00,False,保持,23.200142857142858,22.629952468861855,56.06140188414102,19.607672919503067,91.12666185391375,23.200142857142858,18.585129,14.662137031555176,14.662137031555176,-0.15,0.0,0.0,
2024-11-14 21:00:00,False,保持,23.1595,22.647391758290414,55.74788587712905,19.95453476828954,91.01044994886645,23.1595,18.523342,16.761198043823242,16.761198043823242,-0.18,0.0,0.0,
2024-11-14 21:10:00,False,保持,23.1125,22.642057588431747,55.38864453844177,19.520957618503484,91.05083838529565,23.1125,18.416666,14.573969841003418,14.573969841003418,-0.18,0.0,0.0,
2024-11-14 21:20:00,False,保持,23.08,22.622799945814297,54.99345177163649,19.43424199510983,91.177559355293,23.08,18.242416,15.961909294128418,15.961909294128418,-0.2,0.0,0.0,
2024-11-14 21:30:00,False,保持,23.014499999999998,22.604278748522674,54.77815317369307,19.17409576971701,91.31044320953318,23.014499999999998,18.311125,17.375267028808594,17.375267028808594,-0.22,0.0,0.0,
2024-11-14 21:40:00,False,保持,23.016,22.587763556025816,54.51740240937728,19.69438854289672,91.42406851617673,23.016,18.086584,17.901580810546875,17.901580810546875,-0.22,0.0,0.0,
2024-11-14 21:50:00,False,保持,22.936,22.569462201244956,54.357124561765964,18.870591732627364,91.54539649679937,22.936,16.815834,16.57549476623535,16.57549476623535,-0.24,0.0,0.0,
2024-11-14 22:00:00,False,保持,22.823500000000003,22.551078404989386,54.13225693424245,18.39365693234152,91.67250241423079,22.823500000000003,18.022833,16.915700912475586,16.915700912475586,-0.28,0.0,0.0,
2024-11-14 22:10:00,False,保持,22.8684,22.538685141204752,53.89303609656406,18.523730206234966,91.75531454142609,22.8684,18.6898,16.662498474121094,16.662498474121094,-0.27,0.0,0.0,
2024-11-14 22:20:00,False,保持,22.8431,22.529259668140302,53.64089739202731,17.5698602832692,91.81963801589289,22.8431,18.631575,17.27240562438965,17.27240562438965,-0.28,0.0,0.0,
2024-11-14 22:30:00,False,保持,22.8,22.520054030122182,53.4968864713628,18.003437433055254,91.88935323796846,22.8,18.206528,18.435630798339844,18.435630798339844,-0.28,0.0,0.0,
2024-11-14 22:40:00,False,保持,22.805,22.51114150709869,53.37871150722521,18.43701458284131,91.95431870541402,22.805,18.137346,19.09197998046875,19.09197998046875,-0.28,0.0,0.0,
2024-11-14 22:50:00,False,保持,22.75075,22.501885489749256,53.18733492620658,18.046795244752083,92.0194766465766,22.75075,18.3345,18.496082305908203,18.496082305908203,-0.31,0.0,0.0,
2024-11-14 23:00:00,False,保持,22.730249999999998,22.492024923623134,52.960074762775285,18.3069414701449,92.09233850348421,22.730249999999998,18.438625,19.725317001342773,19.725317001342773,-0.31,0.0,0.0,
2024-11-14 23:10:00,False,保持,22.76985714285714,22.48349253383338,52.742383851734296,18.1335107069487,92.16263238847681,22.76985714285714,17.952606,18.61297607421875,18.61297607421875,-0.3,0.0,0.0,
2024-11-14 23:20:00,False,保持,22.770142857142858,22.474975847080113,52.49325263925223,17.786648858162227,92.2276984389616,22.770142857142858,17.762976,18.66640853881836,18.66640853881836,-0.3,0.0,0.0,
2024-11-14 23:30:00,False,保持,22.78,22.46549148602933,52.37432591350607,17.699933557162645,92.2920765511287,22.78,18.07525,19.068973541259766,19.068973541259766,-0.3,0.0,0.0,
2024-11-14 23:40:00,False,保持,22.764499999999998,22.45566952355668,52.23045157549303,17.26635640737659,92.36580888594368,22.764499999999998,17.156542,18.634214401245117,18.634214401245117,-0.3,0.0,0.0,
2024-11-14 23:50:00,False,保持,22.697499999999998,22.44583185591485,51.9960151411996,17.26635640737659,92.43321442341485,22.697499999999998,16.29875,18.084569931030273,18.084569931030273,-0.32,0.0,0.0,
2024-11-15 00:00:00,False,保持,22.643,22.437450601719746,51.97926961794715,17.136283133483147,92.48713810833225,22.643,18.250917,18.017288208007812,18.017288208007812,-0.34,0.0,0.0,
2024-11-15 00:10:00,False,保持,22.65375,22.42879455398332,51.878796924052885,16.78942144589371,92.4967667612476,22.65375,18.28527,13.572665214538574,13.572665214538574,-0.34,0.0,0.0,
2024-11-15 00:20:00,False,保持,22.666083333333333,22.419877455794946,51.561829364261314,16.399202027205963,92.4967667612476,22.666083333333333,18.00477,12.700353622436523,12.700353622436523,-0.34,0.0,0.0,
2024-11-15 00:30:00,False,保持,22.66880952380952,22.4095634762202,51.43663721574307,16.6593483331973,92.4967667612476,22.66880952380952,17.952202,13.737549781799316,13.737549781799316,-0.34,0.0,0.0,
2024-11-15 00:40:00,False,保持,22.66065714285714,22.400503743361178,51.38235664088924,16.442559758304274,92.4967667612476,22.66065714285714,17.984098,13.075250625610352,13.075250625610352,-0.34,0.0,0.0,
2024-11-15 00:50:00,False,保持,22.61,22.391720766123278,51.23495120685587,16.442559758304274,92.4967667612476,22.61,18.299366,14.14313793182373,14.14313793182373,-0.35,0.0,0.0,
2024-11-15 01:00:00,False,保持,22.5922,22.38210136279759,50.98028360657007,16.702706064295608,92.4967667612476,22.5922,17.903126,14.921526908874512,14.921526908874512,-0.35,0.0,0.0,
2024-11-15 01:10:00,False,保持,22.64,22.37373110478015,50.935310259313525,16.269128874210296,92.4967667612476,22.64,18.0115,13.297863006591797,13.297863006591797,-0.34,0.0,0.0,
2024-11-15 01:20:00,False,保持,22.6578,22.3647672835002,50.73292908260808,16.6593483331973,92.4967667612476,22.6578,17.6732,11.821823120117188,11.821823120117188,-0.34,0.0,0.0,
2024-11-15 01:30:00,False,保持,22.6282,22.355336316612313,50.687477139045896,16.442559758304274,92.4967667612476,22.6282,17.4488,13.03759479522705,13.03759479522705,-0.34,0.0,0.0,
2024-11-15 01:40:00,False,保持,22.589000000000002,22.345619551474655,50.687477139045896,16.78942144589371,92.4967667612476,22.589000000000002,16.295208,14.256646156311035,14.256646156311035,-0.35,0.0,0.0,
2024-11-15 01:50:00,False,保持,22.546799999999998,22.336793126965368,50.50806145508456,16.095698030415576,92.4967667612476,22.546799999999998,18.224142,14.586981773376465,14.586981773376465,-0.37,0.0,0.0,
2024-11-15 02:00:00,False,保持,22.48795,22.32755452920566,50.42242079046099,16.139055721214625,92.49214490850696,22.48795,19.233942,16.867801666259766,16.867801666259766,-0.38,0.0,0.0,
2024-11-15 02:10:00,False,保持,22.546107142857142,22.324405374065734,50.15712469810286,15.87890943537292,92.43302194969782,22.546107142857142,18.588995,17.085426330566406,17.085426330566406,-0.37,0.0,0.0,
2024-11-15 02:20:00,False,保持,22.43547619047619,22.324372394063538,50.2081812093894,15.532047707484223,92.38548094159046,22.43547619047619,18.510437,15.594138145446777,15.594138145446777,-0.41,0.0,0.0,
2024-11-15 02:30:00,False,保持,22.486666666666668,22.324372394063538,50.144104115743154,16.572632871000682,92.3445337104989,22.486666666666668,18.085403,21.429624557495117,21.429624557495117,-0.38,0.0,0.0,
2024-11-15 02:40:00,False,保持,22.549333333333333,22.324372394063538,50.096601872737565,15.792194003400745,92.27593607774803,22.549333333333333,17.730999,23.06293487548828,23.06293487548828,-0.37,0.0,0.0,
2024-11-15 02:50:00,False,保持,22.544166666666666,22.324372394063538,50.16278630523795,15.532047707484223,92.20532181714901,22.544166666666666,18.16875,20.610822677612305,20.610822677612305,-0.37,0.0,0.0,
2024-11-15 03:00:00,False,保持,22.503285714285717,22.32409760052221,49.98975012287015,16.00898258836859,92.14690418138035,22.503285714285717,18.369715,20.581356048583984,20.581356048583984,-0.38,0.0,0.0,
2024-11-15 03:10:00,False,保持,22.489214285714286,22.31864095423014,49.79210811907943,16.269128874210296,92.14406177919784,22.489214285714286,18.304245,19.205270767211914,19.205270767211914,-0.38,0.0,0.0,
2024-11-15 03:20:00,False,保持,22.4555,22.30908200855463,49.783906030065,15.965624857270278,92.21105380861887,22.4555,16.050833,20.46916961669922,20.46916961669922,-0.4,0.0,0.0,
2024-11-15 03:30:00,False,保持,22.4775,22.30049268859295,49.632513184725454,16.139055721214625,92.27240573724785,22.4775,18.094376,23.469390869140625,23.469390869140625,-0.4,0.0,0.0,
2024-11-15 03:40:00,False,保持,22.456200000000003,22.291436223023332,49.57339183550654,15.922267146321598,92.33857199233451,22.456200000000003,19.249666,27.335704803466797,27.335704803466797,-0.4,0.0,0.0,
2024-11-15 03:50:00,False,保持,22.4468,22.282542285907375,49.48686215819234,15.87890943537292,92.40113464273193,22.4468,17.940666,27.99774169921875,27.99774169921875,-0.4,0.0,0.0,
2024-11-15 04:00:00,False,保持,22.439,22.27300768708294,49.41386597231399,15.575405428507718,92.47134657117405,22.439,18.151041,26.968608856201172,26.968608856201172,-0.41,0.0,0.0,
2024-11-15 04:10:00,False,保持,22.452800000000003,22.292056479101895,49.453097500764116,15.09847053754854,92.35232827515581,22.452800000000003,18.208841,26.19294548034668,26.19294548034668,-0.4,0.0,0.0,
2024-11-15 04:20:00,False,保持,22.4227,22.327625965971926,49.37798283552172,14.838324271856461,92.10389313533582,22.4227,17.781574,25.883337020874023,25.883337020874023,-0.41,0.0,0.0,
2024-11-15 04:30:00,False,保持,22.417,22.36626766033061,49.20048064554213,15.445332285586865,91.81116420527974,22.417,18.4535,29.984678268432617,29.984678268432617,-0.41,0.0,0.0,
2024-11-15 04:40:00,False,保持,22.431,22.40362332228082,49.13971852202401,15.09847053754854,91.55117443360814,22.431,18.082333,32.94440460205078,32.94440460205078,-0.41,0.0,0.0,
2024-11-15 04:50:00,False,保持,22.44,22.44313886300138,49.1086195658065,15.315259112441566,91.28733270406403,22.44,17.728167,31.459491729736328,31.459491729736328,-0.41,0.0,0.0,
2024-11-15 05:00:00,False,保持,22.444785714285715,22.480895719085915,49.02728493107245,15.532047707484223,91.02541695345619,22.444785714285715,16.123487,29.09882164001465,29.09882164001465,-0.4,0.0,0.0,
2024-11-15 05:10:00,False,保持,22.365714285714287,22.523441862672595,48.91621850349676,15.271901421642516,90.72278369845131,22.365714285714287,18.056429,25.04891586303711,25.04891586303711,-0.43,0.0,0.0,
2024-11-15 05:20:00,False,保持,22.369,22.576928780756784,48.753206106323496,15.532047707484223,90.35357068030962,22.369,18.484194,27.407318115234375,27.407318115234375,-0.43,0.0,0.0,
2024-11-15 05:30:00,False,保持,22.432499999999997,22.632692564486685,48.590307787971696,15.532047707484223,89.96106337534317,22.432499999999997,18.215263,31.44745445251465,31.44745445251465,-0.41,0.0,0.0,
2024-11-15 05:40:00,False,保持,22.42957142857143,22.69067984529175,48.647083391424445,15.358616843539876,89.53185567871907,22.42957142857143,28.194904,31.711172103881836,31.711172103881836,-0.41,0.0,0.0,
2024-11-15 05:50:00,False,保持,22.39392857142857,22.751653744252295,48.52123038785848,15.141828268646847,89.11123106810876,22.39392857142857,38.063305,37.080604553222656,37.080604553222656,-0.41,0.0,0.0,
2024-11-15 06:00:00,False,保持,22.37342857142857,22.80226081544523,48.52765534273244,15.05511284674949,88.76474360800215,22.37342857142857,35.25577,44.22243881225586,44.22243881225586,-0.43,0.0,0.0,
2024-11-15 06:10:00,False,保持,22.359571428571428,22.831220294332294,48.52765534273244,14.88168200295477,88.61260058528238,22.359571428571428,19.901434,41.43752670288086,41.43752670288086,-0.43,0.0,0.0,
2024-11-15 06:20:00,False,保持,22.3535,22.84885823154439,48.4193223506677,14.361389390972096,88.54849752426573,22.3535,19.12004,30.13685417175293,30.13685417175293,-0.44,0.0,0.0,
2024-11-15 06:30:00,False,保持,22.367,22.868411875226563,48.43640921914371,15.01175511565118,88.48136765882798,22.367,18.946095,33.1801643371582,33.1801643371582,-0.43,0.0,0.0,
2024-11-15 06:40:00,False,保持,22.411,22.886540503004195,48.37113652597417,14.925039653454562,88.41341263993883,22.411,18.854467,33.87228775024414,33.87228775024414,-0.41,0.0,0.0,
2024-11-15 06:50:00,False,保持,22.442833333333333,22.905764380787527,48.35336607581022,14.578177965865125,88.34614555936733,22.442833333333333,19.161007,31.430280685424805,31.430280685424805,-0.4,0.0,0.0,
2024-11-15 07:00:00,False,保持,22.361666666666668,22.92258315821407,48.19160676319137,15.228543690544207,88.28653582831897,22.361666666666668,19.597221,29.576845169067383,29.576845169067383,-0.43,0.0,0.0,
2024-11-15 07:10:00,False,保持,22.3582,22.934738259634162,48.207554625934435,15.87890943537292,88.30162204243668,22.3582,18.844925,27.864412307739258,27.864412307739258,-0.43,0.0,0.0,
2024-11-15 07:20:00,False,保持,22.3751,22.94359580443523,48.2359424276608,15.401974554488556,88.36658688899928,22.3751,18.891958,28.592248916625977,28.592248916625977,-0.43,0.0,0.0,
2024-11-15 07:30:00,False,保持,22.381700000000002,22.953565387820454,48.286657593723774,15.09847053754854,88.43668830027484,22.381700000000002,18.732866,32.05983352661133,32.05983352661133,-0.42,0.0,0.0,
2024-11-15 07:40:00,False,保持,22.382333333333335,22.962809479403603,48.17183102124404,15.532047707484223,88.5021672379268,22.382333333333335,18.708973,33.821956634521484,33.821956634521484,-0.42,0.0,0.0,
2024-11-15 07:50:00,False,保持,22.387095238095238,22.971386770963033,48.01936824133297,15.271901421642516,88.56289580006577,22.387095238095238,19.149624,32.58573532104492,32.58573532104492,-0.41,0.0,0.0,
2024-11-15 08:00:00,False,保持,22.36690476190476,22.981245385939417,48.10776595934849,15.05511284674949,88.6323179653851,22.36690476190476,24.780973,32.33982849121094,32.33982849121094,-0.43,0.0,0.0,
2024-11-15 08:10:00,False,保持,22.399166666666666,22.99476923422771,48.068920338161576,14.578177965865125,88.6963297566069,22.399166666666666,17.44743,31.887767791748047,31.887767791748047,-0.41,0.0,0.0,
2024-11-15 08:20:00,False,保持,22.393333333333334,23.013787656663677,47.992255805180825,14.751608809659842,88.76382594298997,22.393333333333334,58.428997,27.09804344177246,27.09804344177246,-0.41,0.0,0.0,
2024-11-15 08:30:00,False,保持,22.391366666666666,23.032537837198696,48.115056309032084,14.925039653454562,88.82609553663113,22.391366666666666,181.55786,65.34121704101562,65.34121704101562,-0.41,0.0,0.0,
2024-11-15 08:40:00,False,保持,22.503633333333333,23.05013755650861,48.22717083577989,15.09847053754854,88.87693715854415,22.503633333333333,135.2716,148.36936950683594,148.36936950683594,-0.38,0.0,0.0,
2024-11-15 08:50:00,False,保持,22.90309523809524,23.070080374453642,50.20377268680873,15.705478571428571,88.96462818402478,22.90309523809524,164.73741,137.94761657714844,137.94761657714844,-0.25,0.0,0.0,
2024-11-15 09:00:00,True,优化,23.11857142857143,23.088747874652064,54.586776369864246,16.6593483331973,89.04032375075349,26.744897959183675,191.12169,153.57675170898438,104.74427032470703,0.0,48.832481384277344,3.6263265306122463,
2024-11-15 09:10:00,True,优化,23.277357142857145,23.10520675545867,57.14643908096895,17.960079782555464,89.24097822164424,27.088192419825074,173.89655,159.63687133789062,112.89440155029297,0.0,46.742469787597656,3.8108352769679286,
2024-11-15 09:20:00,True,优化,23.39239285714286,23.124430633242003,58.8165421163293,19.08738046871743,89.57222548865953,27.161755518533944,167.82895,149.59780883789062,103.24029541015625,0.0,46.357513427734375,3.769362661391085,
2024-11-15 09:30:00,True,优化,23.54575,23.142747723049776,59.482088432775505,20.69161595516524,89.88496920175531,27.451679359790564,177.96011,143.3339080810547,96.3330307006836,0.0,47.000877380371094,3.905929359790562,
2024-11-15 09:40:00,True,优化,23.70025,23.160733477294873,60.67470675561733,20.995119992254885,90.19682008515724,27.746548525699325,172.83205,141.78526306152344,93.7861557006836,0.0,47.999107360839844,4.046298525699324,
2024-11-15 09:50:00,True,优化,23.801607142857144,23.17848248528519,62.64277631291807,20.865046557164405,90.53239863168874,27.767610608978522,168.23746,135.08631896972656,90.45135498046875,0.0,44.63496398925781,3.9660034661213786,
2024-11-15 10:00:00,True,优化,23.838809523809523,23.197877524673302,64.11767510390288,22.122420517219815,90.86089414543339,28.0,184.04692,129.31898498535156,88.77108764648438,0.0,40.54789733886719,4.161190476190477,
2024-11-15 10:10:00,True,优化,23.920833333333334,23.203716947141928,62.950391637452334,22.122420517219815,91.02945269268432,28.0,169.20053,132.703125,93.95140838623047,0.0,38.75171661376953,4.079166666666666,
2024-11-15 10:20:00,True,优化,24.004,23.203716947141928,62.75297734568414,22.42592423191539,91.15509084280261,28.0,177.12253,125.5727310180664,88.6139907836914,0.0,36.958740234375,3.9959999999999987,
2024-11-15 10:30:00,True,优化,24.176499999999997,23.203716947141928,63.02329691676984,22.209136140613467,91.29246864789405,25.428571428571427,177.14482,127.98897552490234,98.28118133544922,-0.47,29.707794189453125,1.2520714285714298,
2024-11-15 10:40:00,True,优化,24.204,23.203716947141928,63.083330005319596,22.599355478702698,91.4313129785327,25.214285714285715,190.20653,124.91008758544922,97.75137329101562,-0.31,27.158714294433594,1.0102857142857147,
2024-11-15 10:50:00,True,优化,24.2685,23.203716947141928,64.07085644258524,23.553224756880315,91.55420061714628,25.107142857142858,183.65738,126.70092010498047,101.62600708007812,-0.27,25.074913024902344,0.8386428571428581,
2024-11-15 11:00:00,True,优化,24.208333333333336,23.203991706560128,62.57196678632441,23.336436665578397,91.69176096182743,25.05357142857143,173.49397,122.58500671386719,98.9155044555664,-0.23,23.66950225830078,0.8452380952380949,
2024-11-15 11:10:00,True,优化,24.169666666666668,23.209395990913894,62.09033580579126,24.463737190543327,91.85866920217552,25.026785714285715,172.87642,117.43499755859375,95.56336212158203,-0.27,21.87163543701172,0.8571190476190473,
2024-11-15 11:20:00,True,优化,24.1435,23.218056645272462,61.081222625287694,24.63716779254249,92.03520485367306,25.013392857142858,155.51422,117.98628234863281,95.34104919433594,-0.3,22.645233154296875,0.8698928571428581,
2024-11-15 11:30:00,True,优化,24.076714285714285,23.22807751571749,60.676142098913836,24.203590965150507,92.2290743155969,25.00669642857143,156.29921,113.29692840576172,89.98590087890625,-0.31,23.31102752685547,0.9299821428571455,
2024-11-15 11:40:00,True,优化,24.152085714285715,23.237320447114325,59.88244159517514,24.63716779254249,92.4213841195298,25.003348214285715,172.56183,116.0698013305664,90.11003875732422,-0.35,25.959762573242188,0.8512625000000007,
2024-11-15 11:50:00,True,优化,24.2442,23.24641849171413,60.521092938222594,24.290305943756017,92.62145247690805,25.001674107142858,173.86108,119.37333679199219,94.36556243896484,-0.3,25.007774353027344,0.7574741071428583,
2024-11-15 12:00:00,True,优化,24.221666666666668,23.256189990347412,60.38054493365779,24.550452813936978,92.84290652689764,25.00083705357143,120.72408,117.4405517578125,95.14667510986328,-0.26,22.29387664794922,0.779170386904763,
2024-11-15 12:10:00,True,优化,24.12690476190476,23.24685062699382,60.62231739372544,24.984029641328963,93.0809418771682,25.000418526785715,92.01925,92.31854248046875,73.71865844726562,-0.27,18.599884033203125,0.8735137648809541,
2024-11-15 12:20:00,True,优化,24.061928571428574,23.226721189667497,59.12741514877077,25.807826451598316,93.43034624541231,25.000209263392858,69.31406,80.66361999511719,62.611419677734375,-0.33,18.052200317382812,0.9382806919642839,
2024-11-15 12:30:00,True,优化,24.017333333333333,23.210995068889005,58.39893085581638,25.5043220921146,93.7265608123956,25.00010463169643,73.5623,73.42308807373047,54.59961700439453,-0.38,18.823471069335938,0.9827712983630974,
2024-11-15 12:40:00,True,优化,23.934166666666666,23.19180913602284,57.61531187296482,25.5476802262055,94.05927460495808,25.000052315848215,80.56111,74.05076599121094,54.999488830566406,-0.41,19.05127716064453,1.0658856491815492,
2024-11-15 12:50:00,True,优化,23.843,23.17371841903925,57.86410148956184,24.810599039329798,94.36805211771706,25.000026157924108,91.266624,75.00177764892578,56.42649459838867,-0.45,18.57528305053711,1.1570261579241077,
2024-11-15 13:00:00,False,保持,23.927500000000002,23.15551782558688,57.899984626354104,23.943444739757688,94.68260756728479,23.927500000000002,168.5295,79.9003677368164,79.9003677368164,0.08,0.0,0.0,
2024-11-15 13:10:00,False,保持,24.117,23.13839811630377,59.61280560577737,23.163005418791087,95.00229896068254,24.117,182.4958,116.93504333496094,116.93504333496094,0.13,0.0,0.0,
2024-11-15 13:20:00,False,保持,24.23,23.118130002589524,60.0895385497245,23.770013492970378,95.35032869405725,24.23,166.69553,123.78492736816406,123.78492736816406,0.18,0.0,0.0,
2024-11-15 13:30:00,False,保持,24.291,23.099585243278742,59.738909048006064,24.073517852454096,95.6749722499294,24.291,173.68651,116.98255157470703,116.98255157470703,0.19,0.0,0.0,
2024-11-15 13:40:00,False,保持,24.3825,23.081913967771616,60.24674072536051,23.63994038027397,95.97870570953616,24.3825,173.96701,118.0919189453125,118.0919189453125,0.22,0.0,0.0,
2024-11-15 13:50:00,False,保持,24.5,23.06229357925313,60.555335523525855,25.460964602811842,96.31380369265803,24.5,171.90541,118.24519348144531,118.24519348144531,0.25,0.0,0.0,
2024-11-15 14:00:00,True,优化,24.4645,23.04433573772588,60.0529718312443,25.764468317507415,96.64697569684364,25.000013078962056,164.30855,115.11856842041016,93.91036987304688,-0.14,21.20819854736328,0.5355130789620546,
2024-11-15 14:10:00,True,优化,24.482,23.02729843579435,60.06014854772683,25.937899564294725,96.94548256370851,25.000006539481028,166.62407,110.21688842773438,89.33040618896484,-0.15,20.88648223876953,0.5180065394810285,
2024-11-15 14:20:00,True,优化,24.437,23.010132899151742,60.95483443162576,25.937899564294725,97.24848338142463,25.000003269740514,168.99843,110.72318267822266,89.3570785522461,-0.13,21.366104125976562,0.5630032697405127,
2024-11-15 14:30:00,True,优化,24.494999999999997,22.989628585152754,60.78498755443433,25.894541430203827,97.61407416838833,25.00000163487026,170.24791,114.54163360595703,90.76362609863281,-0.16,23.77800750732422,0.5050016348702613,
2024-11-15 14:40:00,True,优化,24.587899999999998,22.972133282611306,60.854361514921294,25.721110828204665,97.91322302823194,25.00000081743513,181.09563,116.46951293945312,93.57030487060547,-0.13,22.899208068847656,0.4121008174351317,
2024-11-15 14:50:00,True,优化,24.6428,22.95391712901305,59.9965157376157,26.37147639168671,98.23002607410827,25.000000408717565,174.41376,119.87245178222656,98.00971984863281,-0.09,21.86273193359375,0.35720040871756353,
2024-11-15 15:00:00,True,优化,24.5824,22.93511013347166,59.59223264894104,26.71833888526133,98.55318323617854,25.000000204358784,187.04164,116.22107696533203,95.58438873291016,-0.07,20.636688232421875,0.4176002043587843,
2024-11-15 15:10:00,True,优化,24.537733333333332,22.96100682285311,60.418979692839315,26.978485110654148,98.2111524739457,25.000000102179392,164.93277,116.78263854980469,94.36775207519531,-0.09,22.414886474609375,0.4622667688460602,
2024-11-15 15:20:00,True,优化,24.547916666666666,23.011239409789336,60.40749716927746,27.238631336046964,97.49884450018087,25.000000051089696,170.9161,111.07437896728516,89.591552734375,-0.1,21.482826232910156,0.4520833844230303,
2024-11-15 15:30:00,True,优化,24.63375,23.05267577118363,60.67494605377015,26.458192015080364,96.92943398100563,25.00000002554485,185.72855,114.34327697753906,92.22872924804688,-0.1,22.114547729492188,0.36625002554485064,
2024-11-15 15:40:00,True,优化,24.672800000000002,23.09565371308412,60.746712327354686,26.63162261707953,96.33884017706343,25.000000012772425,168.51477,120.21747589111328,98.73702239990234,-0.06,21.480453491210938,0.3272000127724226,
2024-11-15 15:50:00,True,优化,24.56534285714286,23.141404363788027,61.27395478355189,26.241403278990298,95.6801988426713,25.000000006386212,160.41794,113.84687805175781,95.49229431152344,-0.04,18.354583740234375,0.4346571492433533,
2024-11-15 16:00:00,True,优化,24.505357142857143,23.190731664166282,60.94772589506386,26.71833888526133,94.98386618742028,25.000000003193108,161.8481,111.07617950439453,92.97753143310547,-0.09,18.098648071289062,0.49464286033596494,
2024-11-15 16:10:00,True,优化,24.514285714285716,23.20899688682109,60.27681430904612,26.458192015080364,94.67022716109881,25.000000001596554,182.73097,107.73321533203125,88.77525329589844,-0.12,18.957962036132812,0.485714287310838,
2024-11-15 16:20:00,True,优化,24.538214285714286,23.21879138444194,60.49963141431603,25.894541430203827,94.40280914571562,25.000000000798277,168.39015,114.17931365966797,92.98189544677734,-0.12,21.197418212890625,0.461785715083991,
2024-11-15 16:30:00,True,优化,24.520125,23.228154088014364,61.033093840004895,25.937899564294725,94.11970886857489,25.00000000039914,166.89578,111.7619400024414,91.37781524658203,-0.1,20.384124755859375,0.4798750003991401,
2024-11-15 16:40:00,True,优化,24.595208333333336,23.23809770369998,61.24326624371938,26.198045789687544,93.84066792421469,25.00000000019957,151.27048,112.74907684326172,93.4593734741211,-0.11,19.289703369140625,0.4047916668662346,
2024-11-15 16:50:00,True,优化,24.580416666666668,23.247180324646404,61.145413797755396,25.894541430203827,93.59209494837799,25.000000000099785,153.71872,105.86791229248047,89.92400360107422,-0.07,15.94390869140625,0.41958333343311693,
2024-11-15 17:00:00,True,优化,24.555107142857143,23.2554974956091,61.426896605389,26.11133016629389,93.36243779274501,25.000000000049894,156.0854,105.11409759521484,89.27686309814453,-0.08,15.837234497070312,0.44489285719275173,
2024-11-15 17:10:00,True,优化,24.51047619047619,23.271614872161194,61.60107223911016,26.761695729775937,93.08869173825212,25.000000000024947,165.48117,102.2540283203125,85.67823791503906,-0.09,16.575790405273438,0.48952380954875707,
2024-11-15 17:20:00,True,优化,24.49866666666667,23.28855011182002,61.842001808198184,26.588265772564917,92.84433704123326,25.000000000012474,154.58926,106.35034942626953,87.93087768554688,-0.11,18.419471740722656,0.501333333345805,
2024-11-15 17:30:00,True,优化,24.473,23.30701242965609,61.62226059771379,25.634395204811007,92.58278885333665,25.00000000000624,153.6297,104.41490936279297,85.92475891113281,-0.12,18.490150451660156,0.5270000000062396,
2024-11-15 17:40:00,True,优化,24.475857142857144,23.324819173977204,62.038504806255936,25.200818377419026,92.34269962224045,25.00000000000312,164.00952,104.50342559814453,87.05228424072266,-0.12,17.451141357421875,0.524142857145975,
2024-11-15 17:50:00,True,优化,24.562714285714286,23.344569093885593,60.574131569031906,26.067972676991136,92.07087954668381,25.00000000000156,136.92204,108.91473388671875,92.4282455444336,-0.13,16.486488342285156,0.4372857142872739,
2024-11-15 18:00:00,True,优化,24.64742857142857,23.36297251520455,59.30694468874337,25.764468317507415,91.81556626545319,25.00000000000078,133.02884,98.02571868896484,84.57209777832031,-0.1,13.453620910644531,0.3525714285722117,
2024-11-15 18:10:00,True,优化,24.630375,23.379334554576875,58.600901616136824,25.5043220921146,91.57015730917135,25.00000000000039,131.63702,90.47051239013672,77.1423110961914,-0.07,13.328201293945312,0.36962500000039,
2024-11-15 18:20:00,True,优化,24.597125,23.39965276104148,57.55012418188587,25.157460243328124,91.28540672512779,25.000000000000195,134.97186,90.1221694946289,76.29022216796875,-0.08,13.831947326660156,0.40287500000019705,
2024-11-15 18:30:00,True,优化,24.5975,23.4173632781446,57.22358779095452,25.330891490115434,91.04274952211657,25.0000000000001,128.8345,93.73081970214844,79.1153564453125,-0.1,14.615463256835938,0.40250000000009933,
2024-11-15 18:40:00,True,优化,24.571,23.43586388212911,56.998122179154656,25.28753400081268,90.78661170831748,25.00000000000005,169.5842,91.54121398925781,79.09661865234375,-0.1,12.444595336914062,0.42900000000004823,
2024-11-15 18:50:00,True,优化,24.489,23.453780502919003,56.75890138325318,25.28753400081268,90.54010254743376,25.000000000000025,119.73029,105.47827911376953,91.3246841430664,-0.12,14.153594970703125,0.5110000000000241,
2024-11-15 19:00:00,False,保持,24.3185,23.4734833329122,56.84215020825085,25.11410275402537,90.25969814409741,24.3185,27.553457,88.05594635009766,88.05594635009766,0.19,0.0,0.0,
2024-11-15 19:10:00,False,保持,24.098666666666666,23.48472246723558,56.78569411462225,24.63716779254249,90.0039452777324,24.098666666666666,17.35629,29.8121395111084,29.8121395111084,0.12,0.0,0.0,
2024-11-15 19:20:00,False,保持,23.989047619047618,23.493131156424752,57.43111184132107,24.50709467984608,89.77297185022809,23.989047619047618,16.867846,18.9895076751709,18.9895076751709,0.09,0.0,0.0,
2024-11-15 19:30:00,False,保持,23.925857142857144,23.5025370598759,57.53807772571248,23.336436665578397,89.51756792008557,23.925857142857144,18.035078,15.44827938079834,15.44827938079834,0.08,0.0,0.0,
2024-11-15 19:40:00,False,保持,23.844428571428573,23.512178412902994,57.36618047944946,22.599355478702698,89.25335862783024,23.844428571428573,18.40837,11.867138862609863,11.867138862609863,0.05,0.0,0.0,
2024-11-15 19:50:00,False,保持,23.786499999999997,23.520956177833252,57.14985652115908,22.729428591399106,89.00987689225056,23.786499999999997,18.361416,11.345661163330078,11.345661163330078,0.02,0.0,0.0,
2024-11-15 20:00:00,False,保持,23.695857142857143,23.530833116928807,56.854589701613776,22.77278608070186,88.73365475652048,23.695857142857143,18.239178,12.053746223449707,12.053746223449707,-0.01,0.0,0.0,
2024-11-15 20:10:00,False,保持,23.619642857142857,23.540364525240875,56.660479072356146,22.64271296800545,88.44752767495864,23.619642857142857,18.157112,10.986026763916016,10.986026763916016,-0.02,0.0,0.0,
2024-11-15 20:20:00,False,保持,23.547571428571427,23.548231543912845,56.55351324366728,21.992347404523404,88.22825602856705,23.547571428571427,18.095995,12.4959716796875,12.4959716796875,-0.05,0.0,0.0,
2024-11-15 20:30:00,False,保持,23.489,23.55758633091982,56.11539737334631,21.16855059425405,87.97569450060703,23.489,18.53,11.955314636230469,11.955314636230469,-0.07,0.0,0.0,
2024-11-15 20:40:00,False,保持,23.448428571428572,23.566634965231803,55.84371086169494,20.734973444467993,87.72670925848611,23.448428571428572,18.015547,11.349760055541992,11.349760055541992,-0.08,0.0,0.0,
2024-11-15 20:50:00,False,保持,23.3728,23.575915227329517,55.79860070897672,20.171323181985528,87.46919556805172,23.3728,17.845467,10.828291893005371,10.828291893005371,-0.11,0.0,0.0,
2024-11-15 21:00:00,False,保持,23.3397,23.585143622274273,55.68049392475977,20.561542842468832,87.21531342203969,23.3397,17.734589,12.050700187683105,12.050700187683105,-0.11,0.0,0.0,
2024-11-15 21:10:00,False,保持,23.312142857142856,23.593988336779603,55.526435823829914,20.734973444467993,87.0345402443526,23.312142857142856,15.953016,12.180215835571289,12.180215835571289,-0.12,0.0,0.0,
2024-11-15 21:20:00,False,保持,23.26205714285714,23.602850385833428,55.311273697132876,20.344754106378765,86.90813095760026,23.26205714285714,17.096495,12.186114311218262,12.186114311218262,-0.14,0.0,0.0,
2024-11-15 21:30:00,False,保持,23.240466666666666,23.612429976000744,55.32248294398669,20.30139629468194,86.78040105279588,23.240466666666666,17.81992,12.270079612731934,12.270079612731934,-0.15,0.0,0.0,
2024-11-15 21:40:00,False,保持,23.233333333333334,23.622482785692597,55.04432602418093,20.30139629468194,86.64179514121317,23.233333333333334,17.999931,11.896322250366211,11.896322250366211,-0.15,0.0,0.0,
2024-11-15 21:50:00,False,保持,23.19025,23.631435602264105,54.8937765154414,19.47759980680666,86.4977409816725,23.19025,18.203104,10.824740409851074,10.824740409851074,-0.17,0.0,0.0,
2024-11-15 22:00:00,False,保持,23.13475,23.639954236168307,54.739877723803225,19.43424199510983,86.377375369635,23.13475,17.914341,11.30042552947998,11.30042552947998,-0.18,0.0,0.0,
2024-11-15 22:10:00,False,保持,23.095999999999997,23.64336170337924,54.54132442630206,19.43424199510983,86.25668876110815,23.095999999999997,17.890139,11.74403190612793,11.74403190612793,-0.19,0.0,0.0,
2024-11-15 22:20:00,False,保持,23.116999999999997,23.64338920661956,54.38104657869074,19.43424199510983,86.13118782612362,23.116999999999997,17.884,12.507493019104004,12.507493019104004,-0.18,0.0,0.0,
2024-11-15 22:30:00,False,保持,23.087714285714284,23.64338920661956,54.309280305106206,19.21745358141384,86.00279730185174,23.087714285714284,17.99278,12.560025215148926,12.560025215148926,-0.2,0.0,0.0,
2024-11-15 22:40:00,False,保持,23.068285714285715,23.64338920661956,54.14285089073406,19.000664845323776,85.87789241450706,23.068285714285715,17.760345,11.329123497009277,11.329123497009277,-0.21,0.0,0.0,
2024-11-15 22:50:00,False,保持,23.067999999999998,23.64338920661956,53.98052252086914,19.000664845323776,85.73482918416762,23.067999999999998,17.976366,10.489511489868164,10.489511489868164,-0.21,0.0,0.0,
2024-11-15 23:00:00,False,保持,23.024,23.64338920661956,53.81935610618758,18.78387643162778,85.60761274956965,23.024,15.913841,11.312256813049316,11.312256813049316,-0.21,0.0,0.0,
2024-11-15 23:10:00,False,保持,22.98857142857143,23.64338920661956,53.79367968176254,18.95730735602102,85.50952317630552,22.98857142857143,16.063988,11.189035415649414,11.189035415649414,-0.24,0.0,0.0,
2024-11-15 23:20:00,False,保持,23.001761904761903,23.64338920661956,53.44990805513307,18.56708769553772,85.44631853292935,23.001761904761903,17.915707,12.26620101928711,12.26620101928711,-0.22,0.0,0.0,
2024-11-15 23:30:00,False,保持,22.99238095238095,23.64338920661956,53.27880831619742,18.43701458284131,85.37680447693222,22.99238095238095,18.270008,12.603550910949707,12.603550910949707,-0.22,0.0,0.0,
2024-11-15 23:40:00,False,保持,22.952285714285715,23.64338920661956,53.18813214109558,18.95730735602102,85.31921199461499,22.952285714285715,18.07788,11.489370346069336,11.489370346069336,-0.24,0.0,0.0,
2024-11-15 23:50:00,False,保持,22.94,23.64338920661956,53.12752954967934,18.39365693234152,85.25611786840537,22.94,17.972542,10.695110321044922,10.695110321044922,-0.24,0.0,0.0,
2024-11-16 00:00:00,False,保持,22.928,23.64338920661956,53.0557632760948,18.046795244752083,85.1881628495162,22.928,18.124834,11.366241455078125,11.366241455078125,-0.25,0.0,0.0,
2024-11-16 00:10:00,False,保持,22.9125,23.64338920661956,52.94093714923547,17.5698602832692,85.11112865912968,22.9125,18.102167,15.03635025024414,15.03635025024414,-0.25,0.0,0.0,
2024-11-16 00:20:00,False,保持,22.9422,23.64338920661956,52.792620421491634,17.65657574546582,84.98980005762407,22.9422,17.987133,14.874393463134766,14.874393463134766,-0.24,0.0,0.0,
2024-11-16 00:30:00,False,保持,22.894228571428574,23.64338920661956,52.687363101402205,17.30971405787638,84.85807166656905,22.894228571428574,18.042646,14.594146728515625,14.594146728515625,-0.25,0.0,0.0,
2024-11-16 00:40:00,False,保持,22.893571428571427,23.64338920661956,52.543489209009564,17.65657574546582,84.72315193710901,22.893571428571427,16.27615,14.730891227722168,14.730891227722168,-0.25,0.0,0.0,
2024-11-16 00:50:00,False,保持,22.880000000000003,23.64338920661956,52.49074647014339,17.743291207662438,84.57418286807143,22.880000000000003,15.973152,13.438779830932617,13.438779830932617,-0.27,0.0,0.0,
2024-11-16 01:00:00,False,保持,22.859750000000002,23.64338920661956,52.31736849693163,17.699933557162645,84.43643874203467,22.859750000000002,17.846813,11.893950462341309,11.893950462341309,-0.27,0.0,0.0,
2024-11-16 01:10:00,False,保持,22.85225,23.64338920661956,52.07077152764336,17.353071708376174,84.35378742352553,22.85225,18.068521,16.157411575317383,16.157411575317383,-0.27,0.0,0.0,
2024-11-16 01:20:00,False,保持,22.860999999999997,23.64338920661956,52.13416503960167,17.743291207662438,84.29697477020376,22.860999999999997,18.09579,16.05099868774414,16.05099868774414,-0.27,0.0,0.0,
2024-11-16 01:30:00,False,保持,22.89725,23.64338920661956,52.04625126533654,17.699933557162645,84.22908866932296,22.89725,17.698948,15.566286087036133,15.566286087036133,-0.25,0.0,0.0,
2024-11-16 01:40:00,False,保持,22.85475,23.64338920661956,51.94996517506557,17.30971405787638,84.1650539054317,22.85475,17.800594,14.166220664978027,14.166220664978027,-0.27,0.0,0.0,
2024-11-16 01:50:00,False,保持,22.8129,23.64338920661956,51.786098969212986,17.439787170572792,84.10631589405664,22.8129,17.708475,13.712653160095215,13.712653160095215,-0.28,0.0,0.0,
2024-11-16 02:00:00,False,保持,22.8036,23.64338920661956,51.63335633969303,17.439787170572792,84.04420710910165,22.8036,18.012066,12.364733695983887,12.364733695983887,-0.28,0.0,0.0,
2024-11-16 02:10:00,False,保持,22.809428571428572,23.64338920661956,51.648187923343336,16.83277917699202,84.02302258256876,22.809428571428572,17.951595,16.32221221923828,16.32221221923828,-0.28,0.0,0.0,
2024-11-16 02:20:00,False,保持,22.76942857142857,23.64338920661956,51.50219510596625,16.48591748940258,84.02302258256876,22.76942857142857,16.471888,15.181377410888672,15.181377410888672,-0.3,0.0,0.0,
2024-11-16 02:30:00,False,保持,22.760571428571428,23.64338920661956,51.514839584711474,16.442559758304274,84.02302258256876,22.760571428571428,16.204744,14.638428688049316,14.638428688049316,-0.31,0.0,0.0,
2024-11-16 02:40:00,False,保持,22.781904761904762,23.64338920661956,51.34704300696346,16.7460637147954,84.02302258256876,22.781904761904762,18.05744,14.67591667175293,14.67591667175293,-0.3,0.0,0.0,
2024-11-16 02:50:00,False,保持,22.835366666666665,23.64338920661956,51.36413032105987,17.136283133483147,84.02302258256876,22.835366666666665,18.417942,14.547953605651855,14.547953605651855,-0.28,0.0,0.0,
2024-11-16 03:00:00,False,保持,22.790799999999997,23.64338920661956,51.15922069422577,16.48591748940258,84.02302258256876,22.790799999999997,18.086016,11.809196472167969,11.809196472167969,-0.29,0.0,0.0,
2024-11-16 03:10:00,False,保持,22.778,23.64338920661956,50.96688736621627,16.61599060209899,84.02302258256876,22.778,17.97325,16.86149024963379,16.86149024963379,-0.3,0.0,0.0,
2024-11-16 03:20:00,False,保持,22.735500000000002,23.64338920661956,51.07023074670356,17.092925482983354,84.02302258256876,22.735500000000002,18.124125,16.22897720336914,16.22897720336914,-0.31,0.0,0.0,
2024-11-16 03:30:00,False,保持,22.769,23.64338920661956,50.93865909659178,17.222998595679762,84.02302258256876,22.769,18.331667,16.473779678344727,16.473779678344727,-0.3,0.0,0.0,
2024-11-16 03:40:00,False,保持,22.756,23.64338920661956,50.75924341263043,16.572632871000682,84.02302258256876,22.756,18.074541,16.116363525390625,16.116363525390625,-0.31,0.0,0.0,
2024-11-16 03:50:00,False,保持,22.7092,23.64338920661956,50.716183559355635,16.6593483331973,84.02302258256876,22.7092,17.958517,15.344869613647461,15.344869613647461,-0.31,0.0,0.0,
2024-11-16 04:00:00,False,保持,22.6988,23.64338920661956,50.69321851223192,16.61599060209899,84.02533350893908,22.6988,16.559982,13.738070487976074,13.738070487976074,-0.32,0.0,0.0,
2024-11-16 04:10:00,False,保持,22.708000000000002,23.64338920661956,50.68173576585987,16.6593483331973,84.07463534111582,22.708000000000002,16.106285,17.86603546142578,17.86603546142578,-0.31,0.0,0.0,
2024-11-16 04:20:00,False,保持,22.701428571428572,23.64338920661956,50.60272459587217,16.05234029931727,84.1391239704495,22.701428571428572,17.943094,15.538200378417969,15.538200378417969,-0.32,0.0,0.0,
2024-11-16 04:30:00,False,保持,22.694071428571426,23.64338920661956,50.59999071474082,15.792194003400745,84.20295198031567,22.694071428571426,18.000368,15.394957542419434,15.394957542419434,-0.32,0.0,0.0,
2024-11-16 04:40:00,False,保持,22.6775,23.64338920661956,50.53676832101469,16.182413452312936,84.27008184575342,22.6775,18.034876,16.971088409423828,16.971088409423828,-0.33,0.0,0.0,
2024-11-16 04:50:00,False,保持,22.663999999999998,23.64338920661956,50.41476547767282,16.182413452312936,84.34078799703025,22.663999999999998,18.090834,16.933307647705078,16.933307647705078,-0.34,0.0,0.0,
2024-11-16 05:00:00,False,保持,22.68335714285714,23.64338920661956,50.333430397318374,16.399202027205963,84.40048961875641,22.68335714285714,18.213678,15.52587890625,15.52587890625,-0.33,0.0,0.0,
2024-11-16 05:10:00,False,保持,22.672142857142855,23.64338920661956,50.41613264104869,16.225771143111984,84.48660235975736,22.672142857142855,17.93753,18.614673614501953,18.614673614501953,-0.34,0.0,0.0,
2024-11-16 05:20:00,False,保持,22.6845,23.64338920661956,50.367946816355165,16.399202027205963,84.6090317867478,22.6845,17.946333,17.501924514770508,17.501924514770508,-0.33,0.0,0.0,
2024-11-16 05:30:00,False,保持,22.66525,23.64338920661956,50.14205381629974,16.225771143111984,84.73943955975079,22.66525,17.762875,16.798860549926758,16.798860549926758,-0.34,0.0,0.0,
2024-11-16 05:40:00,False,保持,22.656964285714288,23.64338920661956,50.072679633002586,16.05234029931727,84.88773000371509,22.656964285714288,15.939928,17.623262405395508,17.623262405395508,-0.34,0.0,0.0,
2024-11-16 05:50:00,False,保持,22.612619047619045,23.64338920661956,50.044315003536816,15.748836287414658,85.00438149389677,22.612619047619045,17.457045,17.363466262817383,17.363466262817383,-0.35,0.0,0.0,
2024-11-16 06:00:00,False,保持,22.59016666666667,23.643114378955108,49.952727534724524,15.87890943537292,85.12992837422021,22.59016666666667,18.183012,16.145946502685547,16.145946502685547,-0.35,0.0,0.0,
2024-11-16 06:10:00,False,保持,22.601,23.638371400801624,49.96790090921879,15.835551714349425,85.2164086779324,22.601,18.307726,18.614421844482422,18.614421844482422,-0.35,0.0,0.0,
2024-11-16 06:20:00,False,保持,22.616,23.628868997147467,49.93345311572303,15.271901421642516,85.26904837689229,22.616,17.968645,16.516679763793945,16.516679763793945,-0.35,0.0,0.0,
2024-11-16 06:30:00,False,保持,22.60742857142857,23.618795031116903,49.82747834679555,15.532047707484223,85.33934164100194,22.60742857142857,18.020658,16.12659454345703,16.12659454345703,-0.35,0.0,0.0,
2024-11-16 06:40:00,False,保持,22.593071428571427,23.608761057391124,49.6955649058398,15.87890943537292,85.43123231881165,22.593071428571427,17.834112,17.55732536315918,17.55732536315918,-0.35,0.0,0.0,
2024-11-16 06:50:00,False,保持,22.581666666666667,23.600360216521153,49.61850198822475,15.87890943537292,85.49684909248032,22.581666666666667,17.89132,18.08749771118164,18.08749771118164,-0.37,0.0,0.0,
2024-11-16 07:00:00,False,保持,22.579833333333333,23.591178092536545,49.68673716578895,16.00898258836859,85.56049394187384,22.579833333333333,17.855146,17.526700973510742,17.526700973510742,-0.37,0.0,0.0,
2024-11-16 07:10:00,False,保持,22.5765,23.582912242756784,49.63857362211524,15.965624857270278,85.69093834697135,22.5765,15.444075,18.888290405273438,18.888290405273438,-0.37,0.0,0.0,
2024-11-16 07:20:00,False,保持,22.57,23.573228508806018,49.59615234286834,16.00898258836859,85.88262416353129,22.57,16.330118,16.876623153686523,16.876623153686523,-0.37,0.0,0.0,
2024-11-16 07:30:00,False,保持,22.572071428571427,23.564625044808217,49.41003809310971,16.00898258836859,86.0633240770293,22.572071428571427,17.968596,16.495988845825195,16.495988845825195,-0.37,0.0,0.0,
2024-11-16 07:40:00,False,保持,22.550428571428572,23.554999388419517,49.42610003467422,15.662120855442485,86.26416295015865,22.550428571428572,18.000368,17.29981803894043,17.29981803894043,-0.37,0.0,0.0,
2024-11-16 07:50:00,False,保持,22.598499999999998,23.54580552607924,49.48727212895694,15.835551714349425,86.4550974983392,22.598499999999998,18.074541,17.993013381958008,17.993013381958008,-0.35,0.0,0.0,
2024-11-16 08:00:00,False,保持,22.5606,23.536713691888536,49.40286182224757,15.445332285586865,86.66721595216968,22.5606,18.045784,16.93691062927246,16.93691062927246,-0.37,0.0,0.0,
2024-11-16 08:10:00,False,保持,22.5534,23.527865292085494,49.4435291396146,15.488689996535545,86.83399504886248,22.5534,17.70805,18.49761390686035,18.49761390686035,-0.37,0.0,0.0,
2024-11-16 08:20:00,False,保持,22.520000000000003,23.518412366965414,49.36697868545531,15.228543690544207,87.02812093544804,22.520000000000003,17.935,16.877986907958984,16.877986907958984,-0.38,0.0,0.0,
2024-11-16 08:30:00,False,保持,22.560071428571426,23.509747140107837,49.35182759198085,15.315259112441566,87.21030600098202,22.560071428571426,18.167233,17.967174530029297,17.967174530029297,-0.37,0.0,0.0,
2024-11-16 08:40:00,False,保持,22.52942857142857,23.500069138842395,49.381445306001034,15.185185999745157,87.41279580189713,22.52942857142857,16.9066,17.026744842529297,17.026744842529297,-0.38,0.0,0.0,
2024-11-16 08:50:00,False,保持,22.448333333333334,23.49084647658297,49.21456046758386,15.87890943537292,87.61060787060538,22.448333333333334,16.263332,17.502307891845703,17.502307891845703,-0.4,0.0,0.0,
2024-11-16 09:00:00,False,保持,22.491166666666665,23.480618819988628,49.23221773016715,15.922267146321598,87.82657828230836,22.491166666666665,18.387625,17.6661319732666,17.6661319732666,-0.38,0.0,0.0,
2024-11-16 09:10:00,False,保持,22.528,23.461566376795087,49.28883291027723,15.532047707484223,88.08464269592666,22.528,17.886833,19.57816505432129,19.57816505432129,-0.38,0.0,0.0,
2024-11-16 09:20:00,False,保持,22.591,23.434929590913228,49.113404637622054,15.792194003400745,88.39085285765358,22.591,18.192362,19.43317413330078,19.43317413330078,-0.35,0.0,0.0,
2024-11-16 09:30:00,False,保持,22.5853,23.40679056849054,49.008147317532625,15.965624857270278,88.71439620892384,22.5853,18.045122,19.94087028503418,19.94087028503418,-0.35,0.0,0.0,
2024-11-16 09:40:00,False,保持,22.586199999999998,23.377766665139795,49.120580908484186,16.095698030415576,89.04795316054353,22.586199999999998,17.818266,20.52676010131836,20.52676010131836,-0.35,0.0,0.0,
2024-11-16 09:50:00,False,保持,22.565,23.348347138255196,49.003363136957866,16.05234029931727,89.38613320666977,22.565,18.080208,18.328147888183594,18.328147888183594,-0.37,0.0,0.0,
2024-11-16 10:00:00,False,保持,22.535500000000003,23.321878852374216,48.973061841249745,16.182413452312936,89.6914437089903,22.535500000000003,18.136875,18.362911224365234,18.362911224365234,-0.37,0.0,0.0,
2024-11-16 10:10:00,False,保持,22.524,23.292871464616912,48.94084616031909,16.095698030415576,90.05299006436445,22.524,17.111917,20.44677734375,20.44677734375,-0.38,0.0,0.0,
2024-11-16 10:20:00,False,保持,22.551666666666666,23.255917005331817,48.85217483138023,16.312486605308603,90.52007410496898,22.551666666666666,16.051306,20.392372131347656,20.392372131347656,-0.37,0.0,0.0,
2024-11-16 10:30:00,False,保持,22.581333333333333,23.21811615600586,48.740219836734305,16.225771143111984,90.9766292123688,22.581333333333333,18.32305,21.685686111450195,21.685686111450195,-0.37,0.0,0.0,
2024-11-16 10:40:00,False,保持,22.591124999999998,23.177817493787195,48.7725148380955,16.139055721214625,91.45937564647623,22.591124999999998,17.886126,22.36090087890625,22.36090087890625,-0.35,0.0,0.0,
2024-11-16 10:50:00,False,保持,22.636175,23.142375780966027,48.69656240650805,16.399202027205963,91.8886802008418,22.636175,18.063847,21.079334259033203,21.079334259033203,-0.34,0.0,0.0,
2024-11-16 11:00:00,False,保持,22.6504,23.106427066724642,48.70756655657448,15.965624857270278,92.34722461723962,22.6504,18.176683,19.640527725219727,19.640527725219727,-0.34,0.0,0.0,
2024-11-16 11:10:00,False,保持,22.6753,23.073123270176247,48.656014515407236,16.399202027205963,92.74866891150602,22.6753,17.752533,21.1315860748291,21.1315860748291,-0.33,0.0,0.0,
2024-11-16 11:20:00,False,保持,22.69392857142857,23.034789349361084,48.689026965606494,16.6593483331973,93.23167239115813,22.69392857142857,17.76247,21.84822654724121,21.84822654724121,-0.32,0.0,0.0,
2024-11-16 11:30:00,False,保持,22.69,22.997973839448925,48.68998326697697,17.006210020786735,93.67703918765166,22.69,18.043072,23.04787826538086,23.04787826538086,-0.32,0.0,0.0,
2024-11-16 11:40:00,False,保持,22.690571428571428,22.96137115547955,48.58848520055079,16.919494639188635,94.11448227583297,22.690571428571428,17.147333,23.59612274169922,23.59612274169922,-0.32,0.0,0.0,
2024-11-16 11:50:00,False,保持,22.659166666666668,22.92425809190039,48.55226071853495,16.7460637147954,94.5634799958659,22.659166666666668,16.138195,22.07309913635254,22.07309913635254,-0.34,0.0,0.0,
2024-11-16 12:00:00,False,保持,22.656333333333333,22.88747349754125,48.44677613204341,16.7460637147954,95.03889007693955,22.656333333333333,18.315847,20.741477966308594,20.741477966308594,-0.34,0.0,0.0,
2024-11-16 12:10:00,False,保持,22.684000000000005,22.853362245439847,48.459534243989694,16.399202027205963,95.48953934564122,22.684000000000005,17.868416,21.160661697387695,21.160661697387695,-0.33,0.0,0.0,
2024-11-16 12:20:00,False,保持,22.666999999999998,22.81295821100516,48.45793892297092,16.61599060209899,96.04611124700733,22.666999999999998,17.75225,22.538469314575195,22.538469314575195,-0.34,0.0,0.0,
2024-11-16 12:30:00,False,保持,22.693,22.77498150814447,48.42923294828158,17.26635640737659,96.5795714011384,22.693,17.769047,25.047212600708008,25.047212600708008,-0.32,0.0,0.0,
2024-11-16 12:40:00,False,保持,22.744,22.740341603498802,48.44495265338172,17.439787170572792,97.05745756344923,22.744,17.820452,25.0594482421875,25.0594482421875,-0.31,0.0,0.0,
2024-11-16 12:50:00,False,保持,22.759,22.704512251955485,48.39915981021637,17.136283133483147,97.57881298342772,22.759,17.765,23.47393798828125,23.47393798828125,-0.31,0.0,0.0,
2024-11-16 13:00:00,False,保持,22.7865,22.665503102704246,48.352682494122284,17.396429520073,98.11640076746473,22.7865,17.765,23.31211280822754,23.31211280822754,-0.3,0.0,0.0,
2024-11-16 13:10:00,False,保持,22.7856,22.637693837649618,48.31488497210748,17.52650263276941,98.47229832968542,22.7856,17.632116,29.093807220458984,29.093807220458984,-0.3,0.0,0.0,
2024-11-16 13:20:00,False,保持,22.7964,22.609170102562917,48.256993535182374,17.483144982269618,98.79661157582382,22.7964,15.504425,56.397682189941406,56.397682189941406,-0.28,0.0,0.0,
2024-11-16 13:30:00,False,保持,22.794999999999998,22.57935482418274,48.103414030558156,17.30971405787638,99.13902728549071,22.794999999999998,17.522142,31.764081954956055,31.764081954956055,-0.28,0.0,0.0,
2024-11-16 13:40:00,False,保持,22.784,22.55345342154438,48.139775763656054,17.52650263276941,99.46146919039317,22.784,18.0794,28.503602981567383,28.503602981567383,-0.3,0.0,0.0,
2024-11-16 13:50:00,False,保持,22.775,22.527104489830684,48.05604814739383,17.483144982269618,99.77373358184525,22.775,18.058603,25.818939208984375,25.818939208984375,-0.3,0.0,0.0,
2024-11-16 14:00:00,False,保持,22.766,22.499334474369654,48.034518443566625,17.26635640737659,100.0,22.766,17.81423,25.56256103515625,25.56256103515625,-0.3,0.0,0.0,
2024-11-16 14:10:00,False,保持,22.723928571428573,22.482434571874656,47.93883037586751,16.919494639188635,100.0,22.723928571428573,18.050358,20.19461441040039,20.19461441040039,-0.31,0.0,0.0,
2024-11-16 14:20:00,False,保持,22.747571428571426,22.473743193905662,47.95352515405615,17.179640945179973,100.0,22.747571428571426,18.040644,22.92059898376465,22.92059898376465,-0.31,0.0,0.0,
2024-11-16 14:30:00,False,保持,22.785,22.46507536729235,47.948057391793455,17.049567751885046,100.0,22.785,17.67575,23.710569381713867,23.710569381713867,-0.3,0.0,0.0,
2024-11-16 14:40:00,False,保持,22.79,22.45547716722467,47.78812066659551,17.26635640737659,100.0,22.79,17.660471,22.808502197265625,22.808502197265625,-0.29,0.0,0.0,
2024-11-16 14:50:00,False,保持,22.78642857142857,22.44686037388041,47.80589200800026,17.396429520073,100.0,22.78642857142857,15.987083,22.835065841674805,22.835065841674805,-0.3,0.0,0.0,
2024-11-16 15:00:00,False,保持,22.769928571428572,22.438098335446284,47.76214812741712,17.52650263276941,100.0,22.769928571428572,16.871994,22.918384552001953,22.918384552001953,-0.3,0.0,0.0,
2024-11-16 15:10:00,False,保持,22.796142857142854,22.440229960267526,47.8140932057739,17.786648858162227,100.0,22.796142857142854,18.024452,19.515518188476562,19.515518188476562,-0.28,0.0,0.0,
2024-11-16 15:20:00,False,保持,22.784,22.448548402316696,47.77274230671894,17.092925482983354,100.0,22.784,18.08375,20.845914840698242,20.845914840698242,-0.3,0.0,0.0,
2024-11-16 15:30:00,False,保持,22.7551,22.458637310011472,47.60152871177203,17.396429520073,100.0,22.7551,18.06746,22.91429328918457,22.91429328918457,-0.31,0.0,0.0,
2024-11-16 15:40:00,False,保持,22.701900000000002,22.467645094675106,47.68190704513561,17.439787170572792,99.88702733698914,22.701900000000002,17.82143,23.305280685424805,23.305280685424805,-0.32,0.0,0.0,
2024-11-16 15:50:00,False,保持,22.6875,22.476678529266728,47.58972690119622,17.960079782555464,99.69097733411618,22.6875,17.703611,24.857629776000977,24.857629776000977,-0.32,0.0,0.0,
2024-11-16 16:00:00,False,保持,22.72,22.486409941756627,47.597542191706665,17.786648858162227,99.49723453231582,22.72,18.133131,24.756811141967773,24.756811141967773,-0.31,0.0,0.0,
2024-11-16 16:10:00,False,保持,22.7,22.50986698058208,47.55710214074176,16.83277917699202,99.2179862130476,22.7,17.581743,20.235023498535156,20.235023498535156,-0.32,0.0,0.0,
2024-11-16 16:20:00,False,保持,22.680500000000002,22.546976105605946,47.46893258036914,16.83277917699202,98.83281774464675,22.680500000000002,16.210032,21.966205596923828,21.966205596923828,-0.33,0.0,0.0,
2024-11-16 16:30:00,False,保持,22.7055,22.585654507918445,47.51002680207583,17.353071708376174,98.4327220081655,22.7055,17.28776,22.586353302001953,22.586353302001953,-0.31,0.0,0.0,
2024-11-16 16:40:00,False,保持,22.697,22.62117177787346,47.39878925626796,17.092925482983354,98.03695879296639,22.697,18.265083,22.04959487915039,22.04959487915039,-0.32,0.0,0.0,
2024-11-16 16:50:00,False,保持,22.6889,22.66231549080025,47.47234959756803,16.572632871000682,97.60412389810064,22.6889,17.952425,21.479930877685547,21.479930877685547,-0.32,0.0,0.0,
2024-11-16 17:00:00,False,保持,22.6956,22.696159251709496,47.41397956433729,16.83277917699202,97.2501523148162,22.6956,18.203033,21.480436325073242,21.480436325073242,-0.32,0.0,0.0,
2024-11-16 17:10:00,False,保持,22.687,22.73228933037062,47.377617831239384,16.61599060209899,96.78910449833103,22.687,17.859917,19.3685245513916,19.3685245513916,-0.32,0.0,0.0,
2024-11-16 17:20:00,False,保持,22.6635,22.7685512949174,47.386229891018424,16.83277917699202,96.28299051320978,22.6635,18.16096,19.878782272338867,19.878782272338867,-0.34,0.0,0.0,
2024-11-16 17:30:00,False,保持,22.6735,22.80732489222331,47.33120914068633,16.78942144589371,95.74567840120622,22.6735,17.955542,21.190427780151367,21.190427780151367,-0.34,0.0,0.0,
2024-11-16 17:40:00,False,保持,22.653,22.84329558175845,47.192461665332814,16.442559758304274,95.24880812156626,22.653,17.77775,20.53847312927246,20.53847312927246,-0.34,0.0,0.0,
2024-11-16 17:50:00,False,保持,22.616500000000002,22.87943115424301,47.29771809418145,16.48591748940258,94.74616114688345,22.616500000000002,16.695417,20.65382194519043,20.65382194519043,-0.35,0.0,0.0,
2024-11-16 18:00:00,False,保持,22.5655,22.91776507505817,47.34317048336402,16.399202027205963,94.20499707700738,22.5655,16.378792,20.735179901123047,20.735179901123047,-0.37,0.0,0.0,
2024-11-16 18:10:00,False,保持,22.54642857142857,22.95755540505467,47.29054182331931,16.399202027205963,93.67538763898291,22.54642857142857,18.170774,20.08403205871582,20.08403205871582,-0.37,0.0,0.0,
2024-11-16 18:20:00,False,保持,22.52342857142857,23.00470633239608,47.323007051671894,16.05234029931727,93.0896541068373,22.52342857142857,18.104494,20.255403518676758,20.255403518676758,-0.38,0.0,0.0,
2024-11-16 18:30:00,False,保持,22.542142857142856,23.049737428722,47.2594428671018,15.792194003400745,92.509422839467,22.542142857142856,18.084356,20.845232009887695,20.845232009887695,-0.37,0.0,0.0,
2024-11-16 18:40:00,False,保持,22.537,23.094364131870442,47.341803319988145,15.618763139456398,91.95862887490966,22.537,18.001583,19.93072509765625,19.93072509765625,-0.37,0.0,0.0,
2024-11-16 18:50:00,False,保持,22.5554,23.14147581761586,47.40775959484563,16.269128874210296,91.3508862836627,22.5554,17.954834,21.156936645507812,21.156936645507812,-0.37,0.0,0.0,
2024-11-16 19:00:00,False,保持,22.5306,23.191636950724252,47.26566283659346,16.139055721214625,90.72652513915726,22.5306,17.835125,20.365032196044922,20.365032196044922,-0.37,0.0,0.0,
2024-11-16 19:10:00,False,保持,22.53,23.226898629927636,47.28432185382765,15.965624857270278,90.20538951174595,22.53,17.85769,20.119495391845703,20.119495391845703,-0.37,0.0,0.0,
2024-11-16 19:20:00,False,保持,22.5165,23.261706539788843,47.28644122443249,15.748836287414658,89.66686667797396,22.5165,16.449371,18.765514373779297,18.765514373779297,-0.38,0.0,0.0,
2024-11-16 19:30:00,False,保持,22.517,23.300560633551225,47.2647404023731,16.095698030415576,89.04261605063506,22.517,15.749437,18.93133544921875,18.93133544921875,-0.38,0.0,0.0,
2024-11-16 19:40:00,False,保持,22.471799999999998,23.33634678521582,47.24867846080859,15.922267146321598,88.48521961670049,22.471799999999998,17.999033,18.040985107421875,18.040985107421875,-0.4,0.0,0.0,
2024-11-16 19:50:00,False,保持,22.450200000000002,23.37336444053203,47.3469983625683,16.00898258836859,87.89244278827735,22.450200000000002,18.56315,20.218521118164062,20.218521118164062,-0.4,0.0,0.0,
2024-11-16 20:00:00,False,保持,22.44,23.410483782766548,47.31637800265643,15.748836287414658,87.31853893913382,22.44,17.974525,19.48720359802246,19.48720359802246,-0.41,0.0,0.0,
2024-11-16 20:10:00,False,保持,22.43107142857143,23.44015070232153,47.447470610842174,15.445332285586865,86.87443750210905,22.43107142857143,17.923868,19.878591537475586,19.878591537475586,-0.41,0.0,0.0,
2024-11-16 20:20:00,False,保持,22.404928571428574,23.467461419960646,47.39819123369611,15.228543690544207,86.4977409816725,22.404928571428574,18.04884,18.517189025878906,18.517189025878906,-0.41,0.0,0.0,
2024-11-16 20:30:00,False,保持,22.4155,23.496542581918412,47.34077839307664,15.358616843539876,86.09331272390911,22.4155,17.816,18.593782424926758,18.593782424926758,-0.41,0.0,0.0,
2024-11-16 20:40:00,False,保持,22.433333333333334,23.525886764938704,47.21638345944739,15.532047707484223,85.65614406599529,22.433333333333334,17.977499,18.300880432128906,18.300880432128906,-0.41,0.0,0.0,
2024-11-16 20:50:00,False,保持,22.448966666666667,23.552248791402366,47.25465868652704,15.662120855442485,85.29087489640393,22.448966666666667,16.533775,18.899837493896484,18.899837493896484,-0.4,0.0,0.0,
2024-11-16 21:00:00,False,保持,22.4272,23.578385468735654,47.34125698938227,15.488689996535545,84.92830097973399,22.4272,15.93835,16.882368087768555,16.882368087768555,-0.41,0.0,0.0,
2024-11-16 21:10:00,False,保持,22.43625,23.59379417618726,47.47426309154977,15.835551714349425,84.57689736836457,22.43625,17.7225,18.450397491455078,18.450397491455078,-0.41,0.0,0.0,
2024-11-16 21:20:00,False,保持,22.41332142857143,23.60402476737052,47.209805211157104,15.228543690544207,84.15301746840456,22.41332142857143,18.372244,17.280637741088867,17.280637741088867,-0.41,0.0,0.0,
2024-11-16 21:30:00,False,保持,22.44542857142857,23.61239032492723,47.361026492644065,15.532047707484223,83.80663928369859,22.44542857142857,17.96313,17.443920135498047,17.443920135498047,-0.4,0.0,0.0,
2024-11-16 21:40:00,False,保持,22.4144,23.62147622169384,47.4586797462909,15.185185999745157,83.39299432886259,22.4144,17.95455,17.059396743774414,17.059396743774414,-0.41,0.0,0.0,
2024-11-16 21:50:00,False,保持,22.4086,23.63094648136241,47.221646236327786,15.315259112441566,83.00232173303753,22.4086,18.112366,17.682497024536133,17.682497024536133,-0.41,0.0,0.0,
2024-11-16 22:00:00,False,保持,22.397375,23.640525798544715,47.287671136726296,14.96839738455287,82.59789285439119,22.397375,17.985468,15.550383567810059,15.550383567810059,-0.41,0.0,0.0,
2024-11-16 22:10:00,False,保持,22.355410714285714,23.64858281478754,47.25286461881151,14.838324271856461,82.22812942350708,22.355410714285714,17.905174,16.893449783325195,16.893449783325195,-0.43,0.0,0.0,
2024-11-16 22:20:00,False,保持,22.346714285714285,23.657549007624816,47.18673722572184,14.794966540758152,81.79123643762671,22.346714285714285,16.95082,16.29836082458496,16.29836082458496,-0.44,0.0,0.0,
2024-11-16 22:30:00,False,保持,22.379785714285713,23.667272870372877,47.248848687799985,15.315259112441566,81.32683119654521,22.379785714285713,15.84997,16.145931243896484,16.145931243896484,-0.42,0.0,0.0,
2024-11-16 22:40:00,False,保持,22.379714285714286,23.676776843690874,47.35581451648885,14.925039653454562,80.8613255956411,22.379714285714286,17.769857,15.465408325195312,15.465408325195312,-0.42,0.0,0.0,
2024-11-16 22:50:00,False,保持,22.3654,23.687042308709877,47.252950177927595,14.794966540758152,80.34574764680916,22.3654,18.0812,15.897356986999512,15.897356986999512,-0.43,0.0,0.0,
2024-11-16 23:00:00,False,保持,22.374599999999997,23.69614990778523,47.19102587641591,14.88168200295477,79.88475400236209,22.374599999999997,17.847591,13.533182144165039,13.533182144165039,-0.43,0.0,0.0,
2024-11-16 23:10:00,False,保持,22.3915,23.69834825611583,47.20346581539923,15.271901421642516,79.57392167745304,22.3915,17.793333,16.234603881835938,16.234603881835938,-0.41,0.0,0.0,
2024-11-16 23:20:00,False,保持,22.367285714285714,23.69834825611583,47.21877554973477,15.09847053754854,79.29505838322925,22.367285714285714,17.638815,15.410604476928711,15.410604476928711,-0.43,0.0,0.0,
2024-11-16 23:30:00,False,保持,22.376714285714286,23.69834825611583,47.2399639083384,15.228543690544207,78.94015159498906,22.376714285714286,17.811142,15.35975456237793,15.35975456237793,-0.43,0.0,0.0,
2024-11-16 23:40:00,False,保持,22.354285714285716,23.69834825611583,47.21672480467096,15.09847053754854,78.6003764229329,22.354285714285716,18.031637,15.651676177978516,15.651676177978516,-0.44,0.0,0.0,
2024-11-16 23:50:00,False,保持,22.335214285714287,23.69834825611583,47.21877554973477,15.01175511565118,78.26610372188041,22.335214285714287,16.669613,15.462874412536621,15.462874412536621,-0.44,0.0,0.0,
2024-11-17 00:00:00,False,保持,22.3375,23.698274959639143,47.2586460978332,14.925039653454562,77.97190705111396,22.3375,16.026041,12.403972625732422,12.403972625732422,-0.44,0.0,0.0,
2024-11-17 00:10:00,False,保持,22.2805,23.693035558234794,47.26263261789857,14.361389390972096,77.67413379626937,22.2805,18.146387,12.790568351745605,12.790568351745605,-0.45,0.0,0.0,
2024-11-17 00:20:00,False,保持,22.2805,23.683265834004114,47.17810823236775,14.664893428061744,77.3334415412788,22.2805,17.907072,14.028840065002441,14.028840065002441,-0.45,0.0,0.0,
2024-11-17 00:30:00,False,保持,22.310714285714287,23.674409654128127,47.21159927887263,14.664893428061744,77.03906152821618,22.310714285714287,17.942589,13.417059898376465,13.417059898376465,-0.44,0.0,0.0,
2024-11-17 00:40:00,False,保持,22.321285714285715,23.66458765326696,47.220484058334215,14.361389390972096,76.69653506855161,22.321285714285715,18.072618,11.947846412658691,11.947846412658691,-0.44,0.0,0.0,
2024-11-17 00:50:00,False,保持,22.35,23.655480190684116,47.26456928414092,14.578177965865125,76.37574331533123,22.35,18.42375,11.08383560180664,11.08383560180664,-0.44,0.0,0.0,
2024-11-17 01:00:00,False,保持,22.348000000000003,23.64719707460212,47.27345495484329,14.23131619767717,76.04999939963646,22.348000000000003,17.940666,8.907349586486816,8.907349586486816,-0.44,0.0,0.0,
2024-11-17 01:10:00,False,保持,22.326999999999998,23.64344414485395,47.252950177927595,14.664893428061744,75.81724652157403,22.326999999999998,17.591457,13.4368314743042,13.4368314743042,-0.44,0.0,0.0,
2024-11-17 01:20:00,False,保持,22.3084,23.64338920661956,47.22355973030953,14.664893428061744,75.62438630489872,22.3084,16.027884,12.737831115722656,12.737831115722656,-0.44,0.0,0.0,
2024-11-17 01:30:00,False,保持,22.292099999999998,23.64338920661956,47.252266596239664,14.664893428061744,75.42756423406728,22.292099999999998,17.021736,11.75682258605957,11.75682258605957,-0.45,0.0,0.0,
2024-11-17 01:40:00,False,保持,22.267857142857142,23.64338920661956,47.40331765073523,14.318031659873789,75.21346485315875,22.267857142857142,18.573511,10.793045997619629,10.793045997619629,-0.46,0.0,0.0,
2024-11-17 01:50:00,False,保持,22.25142857142857,23.64338920661956,47.56735408357921,14.664893428061744,75.0403033900974,22.25142857142857,18.33703,10.854799270629883,10.854799270629883,-0.47,0.0,0.0,
2024-11-17 02:00:00,False,保持,22.252714285714283,23.64338920661956,47.684914091569894,14.664893428061744,74.84854337802396,22.252714285714283,17.83138,9.456830024719238,9.456830024719238,-0.47,0.0,0.0,
2024-11-17 02:10:00,False,保持,22.2558,23.64338920661956,47.70746961354939,14.274674009373998,74.71290870183759,22.2558,17.704367,13.192822456359863,13.192822456359863,-0.47,0.0,0.0,
2024-11-17 02:20:00,False,保持,22.283033333333332,23.64338920661956,47.753673318720146,14.10124308498076,74.57787876565249,22.283033333333332,17.715134,12.302958488464355,12.302958488464355,-0.45,0.0,0.0,
2024-11-17 02:30:00,False,保持,22.221666666666664,23.64338920661956,47.746018451552374,13.797739047891115,74.45102958332427,22.221666666666664,17.683542,11.176212310791016,11.176212310791016,-0.47,0.0,0.0,
2024-11-17 02:40:00,False,保持,22.25975,23.64338920661956,47.75702260161879,14.448104853168715,74.3103139114497,22.25975,17.26598,11.54156494140625,11.54156494140625,-0.47,0.0,0.0,
2024-11-17 02:50:00,False,保持,22.264178571428573,23.64338920661956,47.82520073977226,14.664893428061744,74.17614638169348,22.264178571428573,15.519229,10.684524536132812,10.684524536132812,-0.47,0.0,0.0,
2024-11-17 03:00:00,False,保持,22.24357142857143,23.64338920661956,47.808796561743385,14.05788543448097,74.06114550885611,22.24357142857143,17.53125,7.561382293701172,7.561382293701172,-0.47,0.0,0.0,
2024-11-17 03:10:00,False,保持,22.2877,23.64338920661956,47.73594832183662,14.23131619767717,74.0452800866259,22.2877,17.955257,12.672611236572266,12.672611236572266,-0.45,0.0,0.0,
2024-11-17 03:20:00,False,保持,22.2498,23.64338920661956,47.60599471938383,14.23131619767717,74.10501834044658,22.2498,17.997616,11.998220443725586,11.998220443725586,-0.47,0.0,0.0,
2024-11-17 03:30:00,False,保持,22.24957142857143,23.64338920661956,47.68956191230338,14.274674009373998,74.16959855001659,22.24957142857143,17.800417,11.865659713745117,11.865659713745117,-0.47,0.0,0.0,
2024-11-17 03:40:00,False,保持,22.249428571428574,23.64338920661956,47.70439394157408,14.404747122070408,74.23282150944003,22.249428571428574,18.040188,11.776516914367676,11.776516914367676,-0.47,0.0,0.0,
2024-11-17 03:50:00,False,保持,22.225,23.64338920661956,47.64040196142352,14.491462503668506,74.31301940893994,22.225,18.056007,11.0137939453125,11.0137939453125,-0.47,0.0,0.0,
2024-11-17 04:00:00,False,保持,22.185,23.64338920661956,47.67030487249735,14.10124308498076,74.38574311938935,22.185,17.943972,9.006372451782227,9.006372451782227,-0.48,0.0,0.0,
2024-11-17 04:10:00,False,保持,22.182000000000002,23.64338920661956,47.80486618984796,14.23131619767717,74.52023164563492,22.182000000000002,16.159916,13.721526145935059,13.721526145935059,-0.48,0.0,0.0,
2024-11-17 04:20:00,False,保持,22.187333333333335,23.64338920661956,47.658941552391504,14.23131619767717,74.70190355140396,22.187333333333335,16.056973,11.961132049560547,11.961132049560547,-0.48,0.0,0.0,
2024-11-17 04:30:00,False,保持,22.190666666666665,23.64338920661956,47.66532105398504,14.23131619767717,74.91759891195647,22.190666666666665,18.195667,11.463829040527344,11.463829040527344,-0.48,0.0,0.0,
2024-11-17 04:40:00,False,保持,22.220000000000002,23.64338920661956,47.630235577702166,14.144600735480552,75.1063324300503,22.220000000000002,18.004147,12.59304428100586,12.59304428100586,-0.47,0.0,0.0,
2024-11-17 04:50:00,False,保持,22.2215,23.64338920661956,47.763288024390874,14.23131619767717,75.29341502035834,22.2215,17.815798,11.682380676269531,11.682380676269531,-0.47,0.0,0.0,
2024-11-17 05:00:00,False,保持,22.2375,23.64358152456305,47.541040199177246,14.23131619767717,75.50085667330639,22.2375,18.267916,10.07851791381836,10.07851791381836,-0.47,0.0,0.0,
2024-11-17 05:10:00,False,保持,22.230833333333333,23.649159905110512,47.64698110095461,14.664893428061744,75.70719796643179,22.230833333333333,17.854723,14.288531303405762,14.288531303405762,-0.47,0.0,0.0,
2024-11-17 05:20:00,False,保持,22.229166666666664,23.659052472598212,47.64139925987046,15.228543690544207,75.9890141023943,22.229166666666664,17.625694,13.789968490600586,13.789968490600586,-0.47,0.0,0.0,
2024-11-17 05:30:00,False,保持,22.21725,23.668560404198935,47.7027986205553,14.708251078561535,76.25542349341193,22.21725,17.865583,12.629400253295898,12.629400253295898,-0.47,0.0,0.0,
2024-11-17 05:40:00,False,保持,22.25032142857143,23.677697349163466,47.73848301065081,14.534820234766816,76.50883345793427,22.25032142857143,18.193441,13.174854278564453,13.174854278564453,-0.47,0.0,0.0,
2024-11-17 05:50:00,False,保持,22.22292857142857,23.6867223702716,47.731476966780065,14.23131619767717,76.76951116792351,22.22292857142857,25.67435,12.144380569458008,12.144380569458008,-0.47,0.0,0.0,
2024-11-17 06:00:00,False,保持,22.205833333333334,23.695066430258326,47.66714364140594,14.404747122070408,77.015125946906,22.205833333333334,37.833263,12.787381172180176,12.787381172180176,-0.48,0.0,0.0,
2024-11-17 06:10:00,False,保持,22.21238095238095,23.69834825611583,47.74506125894111,14.664893428061744,77.30501231955883,22.21238095238095,36.920998,21.01024627685547,21.01024627685547,-0.47,0.0,0.0,
2024-11-17 06:20:00,False,保持,22.152857142857144,23.69834825611583,47.76522469063323,14.448104853168715,77.62626263364899,22.152857142857144,21.708393,20.53115463256836,20.53115463256836,-0.5,0.0,0.0,
2024-11-17 06:30:00,False,保持,22.18342857142857,23.69834825611583,47.82707947536309,14.05788543448097,77.94558708521846,22.18342857142857,19.232262,14.690020561218262,14.690020561218262,-0.48,0.0,0.0,
2024-11-17 06:40:00,False,保持,22.1795,23.69834825611583,47.71703797469891,14.144600735480552,78.28123540832304,22.1795,19.226292,13.935019493103027,13.935019493103027,-0.48,0.0,0.0,
2024-11-17 06:50:00,False,保持,22.1975,23.69834825611583,47.79529782869844,13.797739047891115,78.58827108729997,22.1975,18.828917,13.357216835021973,13.357216835021973,-0.48,0.0,0.0,
2024-11-17 07:00:00,False,保持,22.201125,23.69834825611583,47.76180678219355,14.274674009373998,78.89448138484505,22.201125,18.683353,12.221908569335938,12.221908569335938,-0.48,0.0,0.0,
2024-11-17 07:10:00,False,保持,22.191041666666667,23.69834825611583,47.81503346481011,14.274674009373998,79.19250683458621,22.191041666666667,18.856424,14.277283668518066,14.277283668518066,-0.48,0.0,0.0,
2024-11-17 07:20:00,False,保持,22.230833333333333,23.69834825611583,47.769980351502625,14.23131619767717,79.42906556996151,22.230833333333333,18.387388,12.821317672729492,12.821317672729492,-0.47,0.0,0.0,
2024-11-17 07:30:00,False,保持,22.250999999999998,23.69834825611583,47.772172803852456,14.491462503668506,79.7026968387175,22.250999999999998,18.765167,12.215871810913086,12.215871810913086,-0.47,0.0,0.0,
2024-11-17 07:40:00,False,保持,22.2335,23.69834825611583,47.78812066659551,14.664893428061744,79.94792185842299,22.2335,18.350082,12.669777870178223,12.669777870178223,-0.47,0.0,0.0,
2024-11-17 07:50:00,False,保持,22.242,23.69834825611583,47.887226642734305,14.664893428061744,80.2109381240742,22.242,18.275608,12.847617149353027,12.847617149353027,-0.47,0.0,0.0,
2024-11-17 08:00:00,False,保持,22.25166666666667,23.698269636431338,47.98154843829835,14.534820234766816,80.47285387468204,22.25166666666667,15.885893,12.013433456420898,12.013433456420898,-0.47,0.0,0.0,
2024-11-17 08:10:00,False,保持,22.210033333333335,23.693114041426778,47.974029930971845,14.794966540758152,80.70322240696434,22.210033333333335,16.51125,14.068652153015137,14.068652153015137,-0.48,0.0,0.0,
2024-11-17 08:20:00,False,保持,22.1688,23.684051484879,47.93883037586751,14.925039653454562,80.96066267798894,22.1688,18.17725,13.352181434631348,13.352181434631348,-0.5,0.0,0.0,
2024-11-17 08:30:00,False,保持,22.177,23.67459487446121,48.05126396681907,14.318031659873789,81.21667258989864,22.177,17.894625,12.582536697387695,12.582536697387695,-0.48,0.0,0.0,
2024-11-17 08:40:00,False,保持,22.18375,23.665180440228326,48.03212635327925,14.23131619767717,81.48475091430784,22.18375,18.021593,12.223573684692383,12.223573684692383,-0.48,0.0,0.0,
2024-11-17 08:50:00,False,保持,22.16175,23.655012976829923,48.005812468877295,14.05788543448097,81.76736969671451,22.16175,18.071531,12.266240119934082,12.266240119934082,-0.5,0.0,0.0,
2024-11-17 09:00:00,False,保持,22.1795,23.64649434292572,48.00820455916467,14.361389390972096,82.00713824176282,22.1795,17.838667,12.115326881408691,12.115326881408691,-0.48,0.0,0.0,
2024-11-17 09:10:00,False,保持,22.206,23.6375360666539,48.034518443566625,14.404747122070408,82.25894322383829,22.206,17.96475,14.567682266235352,14.567682266235352,-0.48,0.0,0.0,
2024-11-17 09:20:00,False,保持,22.19614285714286,23.628715101844925,48.041694714428765,14.318031659873789,82.5131553691426,22.19614285714286,17.799404,12.987444877624512,12.987444877624512,-0.48,0.0,0.0,
2024-11-17 09:30:00,False,保持,22.20952380952381,23.619466301270254,48.02529142764068,14.88168200295477,82.75306143976614,22.20952380952381,18.254053,15.110844612121582,15.110844612121582,-0.48,0.0,0.0,
2024-11-17 09:40:00,False,保持,22.231904761904765,23.609788300004816,47.90818684369503,15.09847053754854,83.03075103236787,22.231904761904765,18.08375,14.93039321899414,14.93039321899414,-0.47,0.0,0.0,
2024-11-17 09:50:00,False,保持,22.28292857142857,23.600259416804143,47.95922107396175,15.271901421642516,83.29853598957934,22.28292857142857,17.648125,14.006478309631348,14.006478309631348,-0.45,0.0,0.0,
2024-11-17 10:00:00,False,保持,22.31757142857143,23.592135928710018,47.98940829084842,14.664893428061744,83.5297298305338,22.31757142857143,18.073227,12.820281028747559,12.820281028747559,-0.44,0.0,0.0,
2024-11-17 10:10:00,False,保持,22.289285714285715,23.578129272298515,48.01708933862625,14.664893428061744,83.7715618800936,22.289285714285715,17.514654,16.012670516967773,16.012670516967773,-0.45,0.0,0.0,
2024-11-17 10:20:00,False,保持,22.322142857142858,23.55854812537602,47.98838336393691,14.838324271856461,84.04888422042556,22.322142857142858,15.920702,14.28834056854248,14.28834056854248,-0.44,0.0,0.0,
2024-11-17 10:30:00,False,保持,22.333,23.540815974210417,48.0143559031153,15.05511284674949,84.29484265812539,22.333,17.474583,14.271374702453613,14.271374702453613,-0.44,0.0,0.0,
2024-11-17 10:40:00,False,保持,22.291,23.522369421258993,47.907731419650005,14.794966540758152,84.55840933651902,22.291,18.119167,13.62928581237793,13.62928581237793,-0.45,0.0,0.0,
2024-11-17 10:50:00,False,保持,22.310714285714283,23.50371082719671,47.768983053055685,15.01175511565118,84.82417642411643,22.310714285714283,18.266905,13.192522048950195,13.192522048950195,-0.44,0.0,0.0,
2024-11-17 11:00:00,False,保持,22.303535714285715,23.485323102516148,47.77410947009481,14.708251078561535,85.09049423489773,22.303535714285715,18.05997,13.007905960083008,13.007905960083008,-0.44,0.0,0.0,
2024-11-17 11:10:00,False,保持,22.326249999999998,23.46735932356481,47.82127036787683,15.228543690544207,85.3879008971607,22.326249999999998,17.799,16.979129791259766,16.979129791259766,-0.44,0.0,0.0,
2024-11-17 11:20:00,False,保持,22.3495,23.44883421917515,47.78572857630813,15.488689996535545,85.70814239285939,22.3495,17.686375,16.882640838623047,16.882640838623047,-0.44,0.0,0.0,
2024-11-17 11:30:00,False,保持,22.356142857142856,23.430367943056353,47.73309991626342,15.09847053754854,86.03168512324669,22.356142857142856,17.910107,16.313100814819336,16.313100814819336,-0.43,0.0,0.0,
2024-11-17 11:40:00,False,保持,22.352857142857143,23.41163482408481,47.727290808777155,15.271901421642516,86.35605362796836,22.352857142857143,17.510338,15.024872779846191,15.024872779846191,-0.44,0.0,0.0,
2024-11-17 11:50:00,False,保持,22.34133333333333,23.392933030143805,47.78834882423842,15.185185999745157,86.67794605145284,22.34133333333333,15.91507,13.310935020446777,13.310935020446777,-0.44,0.0,0.0,
2024-11-17 12:00:00,False,保持,22.391666666666666,23.374080753212954,47.721936234095125,15.532047707484223,87.00680788614281,22.391666666666666,16.180695,13.172186851501465,13.172186851501465,-0.41,0.0,0.0,
2024-11-17 12:10:00,False,保持,22.413857142857143,23.352884899923207,47.62545050588662,15.532047707484223,87.28092088246399,22.413857142857143,17.838263,15.706293106079102,15.706293106079102,-0.41,0.0,0.0,
2024-11-17 12:20:00,False,保持,22.429142857142857,23.32385342123828,47.548216470039385,15.488689996535545,87.6177610631665,22.429142857142857,18.16703,14.810684204101562,14.810684204101562,-0.41,0.0,0.0,
2024-11-17 12:30:00,False,保持,22.401785714285715,23.297233628673638,47.638095430252235,15.315259112441566,87.9256221526792,22.401785714285715,18.208214,14.95508098602295,14.95508098602295,-0.41,0.0,0.0,
2024-11-17 12:40:00,False,保持,22.33554761904762,23.269451875390114,47.574189009217775,15.532047707484223,88.27365126517095,22.33554761904762,17.778896,14.81494140625,14.81494140625,-0.44,0.0,0.0,
2024-11-17 12:50:00,False,保持,22.346666666666668,23.24137823287866,47.41436725408207,15.618763139456398,88.60948251106643,22.346666666666668,18.04243,13.518077850341797,13.518077850341797,-0.44,0.0,0.0,
2024-11-17 13:00:00,False,保持,22.360000000000003,23.214388136140364,47.36629550821,15.271901421642516,88.92110428865679,22.360000000000003,17.922958,13.376459121704102,13.376459121704102,-0.43,0.0,0.0,
2024-11-17 13:10:00,False,保持,22.386000000000003,23.193604490224168,47.39340705312135,15.09847053754854,89.14386095109262,22.386000000000003,17.11475,15.493813514709473,15.493813514709473,-0.41,0.0,0.0,
2024-11-17 13:20:00,False,保持,22.39,23.17502833763659,47.50105646349816,15.271901421642516,89.3345204481227,22.39,15.687812,15.307608604431152,15.307608604431152,-0.41,0.0,0.0,
2024-11-17 13:30:00,False,保持,22.37633333333333,23.154288164584127,47.48191884995833,15.228543690544207,89.56225162481942,22.37633333333333,16.730007,14.355729103088379,14.355729103088379,-0.43,0.0,0.0,
2024-11-17 13:40:00,False,保持,22.351666666666667,23.137429428975924,47.5185987560192,15.141828268646847,89.73461494283804,22.351666666666667,18.38395,13.960450172424316,13.960450172424316,-0.44,0.0,0.0,
2024-11-17 13:50:00,False,保持,22.379142857142856,23.11782378164828,47.26889804067065,15.315259112441566,89.92988263318368,22.379142857142856,17.85162,13.653738975524902,13.653738975524902,-0.42,0.0,0.0,
2024-11-17 14:00:00,False,保持,22.390857142857143,23.099750126228162,47.2379131632746,15.401974554488556,90.14062645214477,22.390857142857143,17.727154,13.469656944274902,13.469656944274902,-0.41,0.0,0.0,
2024-11-17 14:10:00,False,保持,22.395357142857144,23.088444247068466,47.170247488576884,15.271901421642516,90.23251712995449,22.395357142857144,17.68253,15.14537525177002,15.14537525177002,-0.41,0.0,0.0,
2024-11-17 14:20:00,False,保持,22.39034285714286,23.078645859411147,47.263202120765044,15.315259112441566,90.29992142565973,22.39034285714286,17.981628,14.319671630859375,14.319671630859375,-0.41,0.0,0.0,
2024-11-17 14:30:00,False,保持,22.4048,23.06960118338189,47.35807024693496,15.141828268646847,90.35929273765214,22.4048,17.671217,14.4981107711792,14.4981107711792,-0.41,0.0,0.0,
2024-11-17 14:40:00,False,保持,22.375,23.060383776084016,47.21207698393748,15.05511284674949,90.42378136698582,22.375,17.128208,13.117533683776855,13.117533683776855,-0.43,0.0,0.0,
2024-11-17 14:50:00,False,保持,22.32257142857143,23.051645286872876,47.30967943685913,15.01175511565118,90.4804009257076,22.32257142857143,15.922726,12.794260025024414,12.794260025024414,-0.44,0.0,0.0,
2024-11-17 15:00:00,False,保持,22.287142857142857,23.042278693263977,47.367092277478605,15.05511284674949,90.54285430070439,22.287142857142857,17.597023,13.649548530578613,13.649548530578613,-0.45,0.0,0.0,
2024-11-17 15:10:00,False,保持,22.310035714285714,23.033579445648833,47.311046600235,15.05511284674949,90.49938504303672,22.310035714285714,17.843624,14.6719970703125,14.6719970703125,-0.44,0.0,0.0,
2024-11-17 15:20:00,False,保持,22.32125,23.023596554244097,47.1516232297336,14.664893428061744,90.37200345357188,22.32125,17.959791,13.861974716186523,13.861974716186523,-0.44,0.0,0.0,
2024-11-17 15:30:00,False,保持,22.3126,23.01507003789757,47.176912187224055,14.664893428061744,90.25315031242052,22.3126,18.088566,14.244834899902344,14.244834899902344,-0.44,0.0,0.0,
2024-11-17 15:40:00,False,保持,22.3084,23.005941350729763,47.38335920442541,14.925039653454562,90.11179388933309,22.3084,17.743183,14.046541213989258,14.046541213989258,-0.44,0.0,0.0,
2024-11-17 15:50:00,False,保持,22.295285714285715,22.995867350576074,47.29102041962494,15.315259112441566,89.97082117191383,22.295285714285715,17.734035,14.492334365844727,14.492334365844727,-0.45,0.0,0.0,
2024-11-17 16:00:00,False,保持,22.31454761904762,22.987720078662466,47.288491078255504,15.401974554488556,89.84569587111899,22.31454761904762,18.133604,15.181962966918945,15.181962966918945,-0.44,0.0,0.0,
2024-11-17 16:10:00,False,保持,22.26666666666667,22.983998542191088,47.375522524135945,14.751608809659842,89.67457059371897,22.26666666666667,17.445778,14.590490341186523,14.590490341186523,-0.47,0.0,0.0,
2024-11-17 16:20:00,False,保持,22.279,22.983880783279986,47.336790981770484,14.96839738455287,89.47703295527825,22.279,16.108917,14.841936111450195,14.841936111450195,-0.45,0.0,0.0,
2024-11-17 16:30:00,False,保持,22.267000000000003,22.983880783279986,47.27618839035424,14.404747122070408,89.28444747931191,22.267000000000003,18.09225,13.376797676086426,13.376797676086426,-0.47,0.0,0.0,
2024-11-17 16:40:00,False,保持,22.213875,22.983880783279986,47.2690121194921,14.534820234766816,89.08993726617524,22.213875,18.106594,14.173271179199219,14.173271179199219,-0.47,0.0,0.0,
2024-11-17 16:50:00,False,保持,22.200910714285715,22.983880783279986,47.289943800747466,14.23131619767717,88.87761143743673,22.200910714285715,18.147223,15.850776672363281,15.850776672363281,-0.48,0.0,0.0,
2024-11-17 17:00:00,False,保持,22.199047619047622,22.983880783279986,47.33590865338579,14.23131619767717,88.7102002818925,22.199047619047622,18.036865,18.422637939453125,18.422637939453125,-0.48,0.0,0.0,
2024-11-17 17:10:00,False,保持,22.186466666666668,22.983880783279986,47.31674252014061,14.23131619767717,88.46165089960822,22.186466666666668,17.864119,16.980403900146484,16.980403900146484,-0.48,0.0,0.0,
2024-11-17 17:20:00,False,保持,22.222075,22.983880783279986,47.362627161107596,14.05788543448097,88.14370170379111,22.222075,18.159294,15.740498542785645,15.740498542785645,-0.47,0.0,0.0,
2024-11-17 17:30:00,False,保持,22.193625,22.983880783279986,47.4477094633746,14.23131619767717,87.79865345038154,22.193625,17.525051,16.077943801879883,16.077943801879883,-0.48,0.0,0.0,
2024-11-17 17:40:00,False,保持,22.165,22.983880783279986,47.46038825489034,14.23131619767717,87.47511071999423,22.165,16.107855,16.032758712768555,16.032758712768555,-0.5,0.0,0.0,
2024-11-17 17:50:00,False,保持,22.160833333333336,22.983880783279986,47.53813564543412,14.23131619767717,87.16408561092668,22.160833333333336,16.125208,16.615493774414062,16.615493774414062,-0.5,0.0,0.0,
2024-11-17 18:00:00,False,保持,22.139666666666663,22.983880783279986,47.43008695918222,14.05788543448097,86.8219263259215,22.139666666666663,17.94775,18.411428451538086,18.411428451538086,-0.5,0.0,0.0,
2024-11-17 18:10:00,False,保持,22.140714285714285,22.983880783279986,47.31127386663712,14.187958547177379,86.52020949416288,22.140714285714285,17.917292,18.111597061157227,18.111597061157227,-0.5,0.0,0.0,
2024-11-17 18:20:00,False,保持,22.176714285714286,22.983880783279986,47.422113027810695,14.10124308498076,86.21023926524126,22.176714285714286,18.064827,16.959840774536133,16.959840774536133,-0.48,0.0,0.0,
2024-11-17 18:30:00,False,保持,22.160238095238093,22.983880783279986,47.39033138114604,13.927812160587525,85.88889694405772,22.160238095238093,17.877659,17.11963653564453,17.11963653564453,-0.5,0.0,0.0,
2024-11-17 18:40:00,False,保持,22.154333333333334,22.983880783279986,47.31674252014061,13.797739047891115,85.56645503915527,22.154333333333334,17.84516,17.00787353515625,17.00787353515625,-0.5,0.0,0.0,
2024-11-17 18:50:00,False,保持,22.110500000000002,22.983880783279986,47.334398891483104,13.49423501080147,85.23438323957153,22.110500000000002,17.75827,17.775672912597656,17.775672912597656,-0.51,0.0,0.0,
2024-11-17 19:00:00,False,保持,22.075,22.983880783279986,47.21877554973477,13.36416189810506,84.87232279310801,22.075,17.534082,19.646106719970703,19.646106719970703,-0.51,0.0,0.0,
2024-11-17 19:10:00,False,保持,22.072625,22.983880783279986,47.264227938917344,13.49423501080147,84.60655570551062,22.072625,15.710834,19.30190658569336,19.30190658569336,-0.51,0.0,0.0,
2024-11-17 19:20:00,False,保持,22.031375,22.983880783279986,47.1990399136231,12.930584748319005,84.25316216426023,22.031375,17.656626,16.86305809020996,16.86305809020996,-0.54,0.0,0.0,
2024-11-17 19:30:00,False,保持,22.06,22.983880783279986,47.159568641399765,13.19073113490886,83.94887736058661,22.06,17.86275,19.357982635498047,19.357982635498047,-0.53,0.0,0.0,
2024-11-17 19:40:00,False,保持,22.051785714285714,22.983880783279986,47.147009276150236,12.930584748319005,83.63207493559324,22.051785714285714,18.298273,19.05998420715332,19.05998420715332,-0.53,0.0,0.0,
2024-11-17 19:50:00,False,保持,22.024214285714287,22.983880783279986,47.068408076927135,13.320804247605269,83.30633086467773,22.024214285714287,18.065788,19.35255241394043,19.35255241394043,-0.54,0.0,0.0,
2024-11-17 20:00:00,False,保持,22.012999999999998,22.98346861002956,47.26866988302774,13.36416189810506,82.95541340466455,22.012999999999998,18.08623,20.844650268554688,20.844650268554688,-0.54,0.0,0.0,
2024-11-17 20:10:00,False,保持,22.021,22.977587966823577,47.48191884995833,13.667665935194705,82.7317396980995,22.021,18.012108,20.977867126464844,20.977867126464844,-0.54,0.0,0.0,
2024-11-17 20:20:00,False,保持,22.061,22.968688552945746,47.36845944085447,13.754381397391324,82.54561978681811,22.061,16.93706,20.270227432250977,20.270227432250977,-0.53,0.0,0.0,
2024-11-17 20:30:00,False,保持,22.0535,22.960052126007316,47.480551686582466,13.450877360301678,82.36899193420128,22.0535,15.49297,19.898822784423828,19.898822784423828,-0.53,0.0,0.0,
2024-11-17 20:40:00,False,保持,22.0395,22.95080721546912,47.604263038523776,13.36416189810506,82.16622708213569,22.0395,16.674572,18.37487030029297,18.37487030029297,-0.53,0.0,0.0,
2024-11-17 20:50:00,False,保持,22.0258,22.941303242151122,47.562912139468814,13.36416189810506,81.98959922951886,22.0258,17.859066,19.205970764160156,19.205970764160156,-0.54,0.0,0.0,
2024-11-17 21:00:00,False,保持,22.0112,22.932021444512692,47.588132471418234,13.36416189810506,81.78749468647928,22.0112,17.707767,20.782489776611328,20.782489776611328,-0.54,0.0,0.0,
2024-11-17 21:10:00,False,保持,21.984,22.923293942948433,47.39484195079746,13.450877360301678,81.65769258480199,21.984,17.882406,21.365678787231445,21.365678787231445,-0.54,0.0,0.0,
2024-11-17 21:20:00,False,保持,21.979666666666667,22.913945434596815,47.423907095526225,13.320804247605269,81.5969317367492,21.979666666666667,18.189705,21.902408599853516,21.902408599853516,-0.54,0.0,0.0,
2024-11-17 21:30:00,False,保持,21.960833333333333,22.90515197302816,47.41712920929839,12.930584748319005,81.54140306938493,21.960833333333333,17.907846,23.240121841430664,23.240121841430664,-0.56,0.0,0.0,
2024-11-17 21:40:00,False,保持,21.9506,22.89512195758511,47.442048301859906,12.843869447319424,81.47768961242453,21.9506,17.930183,23.21297836303711,23.21297836303711,-0.56,0.0,0.0,
2024-11-17 21:50:00,False,保持,21.9704,22.886163613067037,47.423548816727596,12.800511635622597,81.42042775028251,21.9704,17.235733,22.986244201660156,22.986244201660156,-0.55,0.0,0.0,
2024-11-17 22:00:00,False,保持,21.94275,22.87682059853886,47.3106366294704,13.104015672712242,81.35841520218604,21.94275,15.764667,21.772077560424805,21.772077560424805,-0.57,0.0,0.0,
2024-11-17 22:10:00,False,保持,21.96825,22.867930977998462,47.444839668022375,13.060657861015414,81.29601770665549,21.96825,17.781292,23.009601593017578,23.009601593017578,-0.55,0.0,0.0,
2024-11-17 22:20:00,False,保持,21.999142857142857,22.85916501967013,47.349150709082465,12.670438522926187,81.20935424247064,21.999142857142857,18.057947,24.4166316986084,24.4166316986084,-0.54,0.0,0.0,
2024-11-17 22:30:00,False,保持,21.975357142857142,22.849988798986484,47.38828063608223,12.670438522926187,81.1460763349054,21.975357142857142,17.67393,25.04790496826172,25.04790496826172,-0.55,0.0,0.0,
2024-11-17 22:40:00,False,保持,21.936500000000002,22.84143873768236,47.415278102172124,13.104015672712242,81.0916022372456,21.936500000000002,17.713291,24.884950637817383,24.884950637817383,-0.57,0.0,0.0,
2024-11-17 22:50:00,False,保持,21.977,22.831506860352416,47.44842780345345,13.19073113490886,81.02832432968036,21.977,17.806084,24.282207489013672,24.282207489013672,-0.55,0.0,0.0,
2024-11-17 23:00:00,False,保持,21.953,22.822273756416145,47.42450511809807,12.49700759853295,80.96669703945943,21.953,18.248083,22.98661994934082,22.98661994934082,-0.56,0.0,0.0,
2024-11-17 23:10:00,False,保持,21.892857142857146,22.808671390812737,47.30967943685913,12.887226936622177,80.94166117593699,21.892857142857146,16.582691,26.289215087890625,26.289215087890625,-0.57,0.0,0.0,
2024-11-17 23:20:00,False,保持,21.889285714285712,22.78927870592039,47.39989974229555,13.060657861015414,80.94166117593699,21.889285714285712,15.860595,26.578123092651367,26.578123092651367,-0.58,0.0,0.0,
2024-11-17 23:30:00,False,保持,21.926357142857142,22.771110819485198,47.4306564620487,13.147373323212033,80.94166117593699,21.926357142857142,17.87388,27.712848663330078,27.712848663330078,-0.57,0.0,0.0,
2024-11-17 23:40:00,False,保持,21.857142857142858,22.752848719096505,47.320957197848884,12.887226936622177,80.94166117593699,21.857142857142858,17.927917,28.6436767578125,28.6436767578125,-0.6,0.0,0.0,
2024-11-17 23:50:00,False,保持,21.79602380952381,22.733110571666916,47.29054182331931,12.323576674139714,80.94166117593699,21.79602380952381,17.71825,28.92340087890625,28.92340087890625,-0.61,0.0,0.0,
2024-11-18 00:00:00,False,保持,21.798333333333332,22.715764455436492,47.334398891483104,12.236861373140131,80.94166117593699,21.798333333333332,18.144464,28.972225189208984,28.972225189208984,-0.61,0.0,0.0,
2024-11-18 00:10:00,False,保持,21.79925,22.7040084581092,47.23814132091751,11.716568599960421,80.94166117593699,21.79925,17.990099,27.560457229614258,27.560457229614258,-0.61,0.0,0.0,
2024-11-18 00:20:00,False,保持,21.83275,22.69379131143796,47.29549712212625,11.629853298960839,80.94166117593699,21.83275,17.73277,28.91886329650879,28.91886329650879,-0.6,0.0,0.0,
2024-11-18 00:30:00,False,保持,21.747777777777777,22.684848697681407,47.25824682195811,11.629853298960839,80.94166117593699,21.747777777777777,17.665676,30.297645568847656,30.297645568847656,-0.63,0.0,0.0,
2024-11-18 00:40:00,False,保持,21.772222222222222,22.674510277416985,47.22834480212508,12.020072637050067,80.94166117593699,21.772222222222222,16.550264,31.345319747924805,31.345319747924805,-0.61,0.0,0.0,
2024-11-18 00:50:00,False,保持,21.760666666666665,22.666514188017324,47.22219345817445,11.803284223354076,80.94166117593699,21.760666666666665,18.16531,27.936098098754883,27.936098098754883,-0.63,0.0,0.0,
2024-11-18 01:00:00,False,保持,21.788333333333334,22.65649244743256,47.23449614607571,11.889999524353659,80.94166117593699,21.788333333333334,18.36,28.50437355041504,28.50437355041504,-0.61,0.0,0.0,
2024-11-18 01:10:00,False,保持,21.7375,22.648630683722136,47.29851575469083,11.759926411657249,80.94166117593699,21.7375,18.25375,25.027761459350586,25.027761459350586,-0.63,0.0,0.0,
2024-11-18 01:20:00,False,保持,21.7725,22.638857137701237,47.29811737005654,12.49700759853295,80.94166117593699,21.7725,17.750834,29.624181747436523,29.624181747436523,-0.61,0.0,0.0,
2024-11-18 01:30:00,False,保持,21.779714285714284,22.630082017313317,47.20083398133864,12.020072637050067,80.94166117593699,21.779714285714284,17.986506,32.88257598876953,32.88257598876953,-0.61,0.0,0.0,
2024-11-18 01:40:00,False,保持,21.77261904761905,22.620727204713997,47.341803319988145,12.106788260443722,80.94166117593699,21.77261904761905,17.782202,34.60191345214844,34.60191345214844,-0.61,0.0,0.0,
2024-11-18 01:50:00,False,保持,21.793566666666667,22.611755791038302,47.33496839434959,12.106788260443722,80.94166117593699,21.793566666666667,16.721624,33.22762680053711,33.22762680053711,-0.61,0.0,0.0,
2024-11-18 02:00:00,False,保持,21.750975,22.602468764030668,47.45081989374083,11.889999524353659,80.94166117593699,21.750975,16.149115,31.53266143798828,31.53266143798828,-0.63,0.0,0.0,
2024-11-18 02:10:00,False,保持,21.738839285714285,22.593567234518964,47.309081414287284,11.933357336050486,80.94166117593699,21.738839285714285,18.042135,28.46186637878418,28.46186637878418,-0.63,0.0,0.0,
2024-11-18 02:20:00,False,保持,21.714285714285715,22.584952799935852,47.39058716725352,11.629853298960839,80.94166117593699,21.714285714285715,18.061083,33.12165451049805,33.12165451049805,-0.63,0.0,0.0,
2024-11-18 02:30:00,False,保持,21.6811,22.57537814909116,47.45184482065233,11.673211110657668,80.94166117593699,21.6811,17.931458,38.85884475708008,38.85884475708008,-0.64,0.0,0.0,
2024-11-18 02:40:00,False,保持,21.7059,22.56593932535329,47.36948436776598,11.543137997961258,80.94166117593699,21.7059,17.735958,41.44496154785156,41.44496154785156,-0.64,0.0,0.0,
2024-11-18 02:50:00,False,保持,21.69225,22.55581037843443,47.36948436776598,11.196276149174786,80.94166117593699,21.69225,17.711521,40.261409759521484,40.261409759521484,-0.64,0.0,0.0,
2024-11-18 03:00:00,False,保持,21.69625,22.547148832609174,47.42450511809807,11.629853298960839,80.93877220753261,21.69625,17.795105,40.76796340942383,40.76796340942383,-0.64,0.0,0.0,
2024-11-18 03:10:00,False,保持,21.651249999999997,22.54434592057302,47.362308096903845,11.629853298960839,80.89832944384456,21.651249999999997,16.429083,36.968265533447266,36.968265533447266,-0.66,0.0,0.0,
2024-11-18 03:20:00,False,保持,21.666249999999998,22.544208523802354,47.32164077953682,11.673211110657668,80.83862797733914,21.666249999999998,16.85975,39.34414291381836,39.34414291381836,-0.64,0.0,0.0,
2024-11-18 03:30:00,False,保持,21.69214285714286,22.544208523802354,47.29293391360669,11.586495487264013,80.77314903968718,21.69214285714286,17.805273,44.713478088378906,44.713478088378906,-0.64,0.0,0.0,
2024-11-18 03:40:00,False,保持,21.708857142857145,22.544208523802354,47.36640869579067,11.152918337477958,80.72266427025438,21.708857142857145,17.690725,46.986480712890625,46.986480712890625,-0.64,0.0,0.0,
2024-11-18 03:50:00,False,保持,21.6476,22.544208523802354,47.44432631332583,11.282991450174368,80.63297462253139,21.6476,17.949308,45.88629913330078,45.88629913330078,-0.66,0.0,0.0,
2024-11-18 04:00:00,False,保持,21.6529,22.544208523802354,47.78812066659551,11.629853298960839,80.56766083974631,21.6529,17.66215,46.84446334838867,46.84446334838867,-0.66,0.0,0.0,
2024-11-18 04:10:00,False,保持,21.655749999999998,22.544208523802354,47.75463051133141,11.543137997961258,80.50680391005572,21.655749999999998,17.682125,41.97099304199219,41.97099304199219,-0.66,0.0,0.0,
2024-11-18 04:20:00,False,保持,21.66725,22.544208523802354,47.706786031861455,11.413064885264848,80.45153197779466,21.66725,17.792625,44.517730712890625,44.517730712890625,-0.64,0.0,0.0,
2024-11-18 04:30:00,False,保持,21.64742857142857,22.544208523802354,47.821611713100395,11.543137997961258,80.39568231394102,21.64742857142857,16.542416,49.86237335205078,49.86237335205078,-0.66,0.0,0.0,
2024-11-18 04:40:00,False,保持,21.61357142857143,22.544208523802354,47.900212912323504,11.196276149174786,80.33364229177364,21.61357142857143,15.761833,51.44694137573242,51.44694137573242,-0.67,0.0,0.0,
2024-11-18 04:50:00,False,保持,21.611,22.544208523802354,47.766933199232675,11.369707073568023,80.26706299429905,21.611,17.384928,50.84446716308594,50.84446716308594,-0.67,0.0,0.0,
2024-11-18 05:00:00,False,保持,21.616,22.544208523802354,47.908415001337936,11.196276149174786,80.18287576657214,21.616,17.620905,52.45793533325195,52.45793533325195,-0.67,0.0,0.0,
2024-11-18 05:10:00,False,保持,21.577,22.544208523802354,47.859204249732905,11.022845224781548,80.1713206690583,21.577,17.87975,46.39006042480469,46.39006042480469,-0.67,0.0,0.0,
2024-11-18 05:20:00,False,保持,21.519,22.544208523802354,47.768983053055685,10.849414300388311,80.1713206690583,21.519,17.500792,49.179161071777344,49.179161071777344,-0.7,0.0,0.0,
2024-11-18 05:30:00,False,保持,21.508285714285716,22.544208523802354,47.85271066931791,11.239633960871613,80.1713206690583,21.508285714285716,17.664822,55.81704330444336,55.81704330444336,-0.7,0.0,0.0,
2024-11-18 05:40:00,False,保持,21.499839285714284,22.544208523802354,47.85681126820473,10.67598369838915,80.1713206690583,21.499839285714284,17.962929,58.754642486572266,58.754642486572266,-0.7,0.0,0.0,
2024-11-18 05:50:00,False,保持,21.514375,22.544208523802354,47.83425663746603,10.502552773995912,80.1713206690583,21.514375,17.782,59.571685791015625,59.571685791015625,-0.7,0.0,0.0,
2024-11-18 06:00:00,False,保持,21.4995,22.544208523802354,48.005812468877295,10.502552773995912,80.1713206690583,21.4995,15.76325,60.15367126464844,60.15367126464844,-0.7,0.0,0.0,
2024-11-18 06:10:00,False,保持,21.496,22.544208523802354,48.03691053385401,10.76269899938873,80.1713206690583,21.496,16.958916,50.81193923950195,50.81193923950195,-0.7,0.0,0.0,
2024-11-18 06:20:00,False,保持,21.482,22.544208523802354,47.89337798668494,10.76269899938873,80.1713206690583,21.482,18.10075,53.564697265625,53.564697265625,-0.7,0.0,0.0,
2024-11-18 06:30:00,False,保持,21.482499999999998,22.544208523802354,47.960360079694716,10.849414300388311,80.1713206690583,21.482499999999998,17.986355,59.707725524902344,59.707725524902344,-0.7,0.0,0.0,
2024-11-18 06:40:00,False,保持,21.4995,22.544208523802354,47.882613580391734,10.806056811085558,80.1713206690583,21.4995,17.833355,62.59584045410156,62.59584045410156,-0.7,0.0,0.0,
2024-11-18 06:50:00,False,保持,21.439285714285713,22.544208523802354,47.90892746479369,10.76269899938873,80.1713206690583,21.439285714285713,17.731203,63.16245651245117,63.16245651245117,-0.73,0.0,0.0,
2024-11-18 07:00:00,False,保持,21.455214285714284,22.544208523802354,48.01298873973943,10.719341187691903,80.1713206690583,21.455214285714284,17.810131,64.80175018310547,64.80175018310547,-0.72,0.0,0.0,
2024-11-18 07:10:00,False,保持,21.418928571428573,22.544208523802354,48.07279367064628,10.329121849602675,80.1713206690583,21.418928571428573,18.222382,54.05768966674805,54.05768966674805,-0.73,0.0,0.0,
2024-11-18 07:20:00,False,保持,21.38757142857143,22.544208523802354,48.11927098674036,10.415837150602258,80.1713206690583,21.38757142857143,48.03512,56.35797882080078,56.35797882080078,-0.74,0.0,0.0,
2024-11-18 07:30:00,False,保持,21.419444444444444,22.544208523802354,48.11004397081442,10.502552773995912,80.1713206690583,21.419444444444444,97.63745,92.95095825195312,92.95095825195312,-0.73,0.0,0.0,
2024-11-18 07:40:00,False,保持,21.475555555555555,22.544208523802354,48.289953402174866,11.152918337477958,80.1713206690583,21.475555555555555,125.526505,139.57955932617188,139.57955932617188,-0.71,0.0,0.0,
2024-11-18 07:50:00,False,保持,21.205000000000002,22.544208523802354,48.64745503883496,11.413064885264848,80.1713206690583,21.205000000000002,71.72725,154.81927490234375,154.81927490234375,-0.8,0.0,0.0,
2024-11-18 08:00:00,False,保持,20.807,22.54401616747035,49.6492587079779,12.236861373140131,80.17324649277383,20.807,76.20959,136.408203125,136.408203125,-0.92,0.0,0.0,
2024-11-18 08:10:00,False,保持,20.659100000000002,22.5384378274441,49.69471109716048,10.979487735478795,80.21946688282915,20.659100000000002,77.318405,133.4881591796875,133.4881591796875,-0.96,0.0,0.0,
2024-11-18 08:20:00,False,保持,20.721899999999998,22.529441032560037,49.279423189988805,9.895544699816622,80.27570180455834,20.721899999999998,72.53518,135.66668701171875,135.66668701171875,-0.95,0.0,0.0,
2024-11-18 08:30:00,False,保持,21.127142857142857,22.519597870028424,49.16268401476812,9.418609738333739,80.33655857902818,21.127142857142857,80.800095,135.6451416015625,135.6451416015625,-0.82,0.0,0.0,
2024-11-18 08:40:00,False,保持,21.33565714285714,22.51082483808251,49.70222960448697,9.15846351294092,80.41727926197888,21.33565714285714,143.72983,141.04391479492188,141.04391479492188,-0.76,0.0,0.0,
2024-11-18 08:50:00,False,保持,21.4292,22.50166081188477,51.6550228489819,11.066203036478376,80.48424397254975,21.4292,231.46321,171.90750122070312,171.90750122070312,-0.73,0.0,0.0,
2024-11-18 09:00:00,True,优化,21.739375000000003,22.492744886412297,54.31502167829223,12.800511635622597,80.52721792083751,25.000000000000014,195.7904,210.5214385986328,178.6053009033203,0.0,31.9161376953125,3.2606250000000117,
2024-11-18 09:10:00,True,优化,22.027125,22.476574564629693,55.214731040918736,12.453649786836124,80.63593219850266,25.428571428571434,173.20378,200.09649658203125,167.75335693359375,0.0,32.3431396484375,3.4014464285714325,
2024-11-18 09:20:00,True,优化,22.264400000000002,22.458616699642796,54.24827910624547,13.234088785408652,80.77555635813677,25.612244897959187,192.37129,184.66259765625,151.22918701171875,0.0,33.43341064453125,3.3478448979591846,
2024-11-18 09:30:00,True,优化,22.362457142857142,22.441094388646366,54.30640961851319,13.49423501080147,80.90352933861926,26.075801749271136,177.38023,185.9927978515625,145.111083984375,0.0,40.8817138671875,3.713344606413994,
2024-11-18 09:40:00,True,优化,22.610714285714284,22.42228897983038,55.598475374122486,14.578177965865125,81.0196856746418,26.241357767596835,172.94363,177.84901428222656,132.85816955566406,0.0,44.9908447265625,3.630643481882551,
2024-11-18 09:50:00,True,优化,22.848142857142857,22.40398448145645,61.0696601128647,15.271901421642516,81.14800231384166,26.640387933599097,162.7145,173.5432891845703,123.2488784790039,0.0,50.294410705566406,3.79224507645624,
2024-11-18 10:00:00,True,优化,22.989285714285714,22.38472526064438,64.65523857409897,16.05234029931727,81.28831410135196,26.754396552456885,167.9637,166.4144744873047,115.86454010009766,0.0,50.54993438720703,3.7651108381711715,
2024-11-18 10:10:00,True,优化,23.073666666666668,22.35796282487831,67.59583142116247,16.7460637147954,81.4368799069082,27.09022783266933,168.2882,159.6366729736328,111.65975952148438,0.0,47.97691345214844,4.016561166002663,
2024-11-18 10:20:00,True,优化,23.081190476190475,22.321624441588725,69.4631208064955,17.353071708376174,81.6349673372084,27.162191678429142,153.44421,156.04202270507812,105.2206039428711,0.0,50.82141876220703,4.081001202238667,
2024-11-18 10:30:00,True,优化,23.140357142857145,22.2844616606136,71.00301912534691,18.35029928184173,81.83305507795006,27.17761250252053,171.20811,149.91848754882812,96.82389831542969,0.0,53.09458923339844,4.037255359663387,
2024-11-18 10:40:00,True,优化,23.055714285714284,22.24694689958399,72.70125884837749,18.95730735602102,82.01160890950315,27.180916964825826,174.35019,155.6205291748047,100.13932037353516,0.0,55.48120880126953,4.125202679111542,
2024-11-18 10:50:00,True,优化,23.04657142857143,22.20986132218359,72.14558447403468,19.867819144895883,82.22372767377512,27.181625063891246,192.93787,157.6527862548828,101.8468017578125,0.0,55.80598449707031,4.135053635319817,
2024-11-18 11:00:00,True,优化,22.958,22.17243159598634,62.851057949291025,18.740518619930956,82.42621716424875,27.181776799405267,175.59158,165.21873474121094,110.41453552246094,0.0,54.80419921875,4.223776799405268,
2024-11-18 11:10:00,True,优化,22.949,22.13241881732526,58.46055870835942,20.214680993682357,82.6402615970155,27.181809314158272,170.19742,154.15545654296875,105.40031433105469,0.0,48.75514221191406,4.2328093141582706,
2024-11-18 11:20:00,True,优化,22.97157142857143,22.09927198716083,56.401095415713684,19.21745358141384,82.80175791105867,27.181816281605343,168.1302,151.78395080566406,102.23441314697266,0.0,49.549537658691406,4.210244853033913,
2024-11-18 11:30:00,True,优化,23.02842857142857,22.059438457285616,54.80412571287146,18.17686835744849,83.01772832276166,27.181817774629717,169.59341,151.7973175048828,100.52190399169922,0.0,51.275413513183594,4.153389203201147,
2024-11-18 11:40:00,True,优化,23.119999999999997,22.018957202214644,55.14586954388753,17.65657574546582,83.21251451837324,27.18181809456351,177.14708,152.94432067871094,100.46810913085938,0.0,52.47621154785156,4.061818094563513,
2024-11-18 11:50:00,True,优化,23.08225,21.98252721539076,54.61069860959922,17.916722132055675,83.4067503012424,27.181818163120752,227.54358,155.06661987304688,102.61872100830078,0.0,52.447898864746094,4.099568163120754,
2024-11-18 12:00:00,True,优化,23.19425,21.95254704553038,55.0891400621458,17.65657574546582,83.57333630333521,27.18181817781159,223.33607,174.89678955078125,120.57980346679688,0.0,54.316986083984375,3.987568177811589,
2024-11-18 12:10:00,True,优化,23.305,21.92589190140622,60.05536414434188,18.220226007948284,83.73510797897035,27.181818180959628,189.77525,168.9638214111328,120.27840423583984,0.0,48.68541717529297,3.876818180959628,
2024-11-18 12:20:00,True,优化,23.383785714285715,21.896461386874748,64.07905808597927,19.911176956592712,83.94984035005473,27.454545454422803,195.27112,154.25636291503906,103.31979370117188,0.0,50.93656921386719,4.070759740137088,
2024-11-18 12:30:00,True,优化,23.52857142857143,21.86730952179794,66.47810138840171,21.081835293254468,84.1479280907964,27.493506493488972,191.29149,154.3939666748047,101.03186798095703,0.0,53.362098693847656,3.964935064917544,
2024-11-18 12:40:00,True,优化,23.677214285714285,21.839908514364918,69.44580578037656,21.385339330344113,84.32840759084426,27.49907235621271,181.22476,151.40777587890625,99.39221954345703,0.0,52.01555633544922,3.8218580704984255,
2024-11-18 12:50:00,True,优化,23.76309523809524,21.812405478782317,72.76926586829879,22.035704893826157,84.53282274981268,27.749933739729478,187.21924,145.16612243652344,91.1338882446289,0.0,54.03223419189453,3.9868385016342387,
2024-11-18 13:00:00,False,保持,23.744261904761906,21.78290815116827,75.45480431657249,21.90563178112975,84.7282512488445,23.744261904761906,188.05331,146.50033569335938,146.50033569335938,0.02,0.0,0.0,
2024-11-18 13:10:00,False,保持,23.65057142857143,21.75213502808384,77.55801137839627,22.035704893826157,84.83674061165803,23.65057142857143,169.93929,139.53582763671875,139.53582763671875,-0.02,0.0,0.0,
2024-11-18 13:20:00,False,保持,23.625,21.714193659721104,77.98052011846971,22.035704893826157,84.91496689732426,23.625,154.61995,133.43890380859375,133.43890380859375,-0.02,0.0,0.0,
2024-11-18 13:30:00,False,保持,23.607000000000003,21.676954954788517,77.41561783696017,21.992347404523404,84.97439284701699,23.607000000000003,150.53925,129.12289428710938,129.12289428710938,-0.02,0.0,0.0,
2024-11-18 13:40:00,False,保持,23.6346,21.640352236696017,75.95876355268302,21.90563178112975,85.03216848980688,23.6346,154.50464,129.9739990234375,129.9739990234375,-0.02,0.0,0.0,
2024-11-18 13:50:00,False,保持,23.6104,21.60733838435731,75.51333388190511,21.992347404523404,85.08493671153911,23.6104,177.54999,132.23468017578125,132.23468017578125,-0.02,0.0,0.0,
2024-11-18 14:00:00,True,优化,23.583428571428573,21.570235557716234,72.89482387116239,21.77555866843334,85.14694925963559,27.767852409980676,184.10878,142.33224487304688,92.85946655273438,0.0,49.4727783203125,4.184423838552103,
2024-11-18 14:10:00,True,优化,23.61807142857143,21.544711799989216,65.19245980783069,21.21190872834495,85.17853357571789,27.76913231499862,182.3241,140.32701110839844,92.57965087890625,0.0,47.74736022949219,4.151060886427189,
2024-11-18 14:20:00,True,优化,23.701999999999998,21.526159192359238,63.322095196142755,21.34198184104136,85.17853357571789,27.769223736785616,184.58255,139.49630737304688,90.63999938964844,0.0,48.85630798339844,4.067223736785618,
2024-11-18 14:30:00,True,优化,23.6175,21.506424969089245,62.0238095824469,21.125193104951293,85.17853357571789,27.769230266913258,191.54999,139.9945068359375,88.76314544677734,0.0,51.231361389160156,4.151730266913258,
2024-11-18 14:40:00,True,优化,23.66142857142857,21.48896894226692,61.634563285615044,21.51541244304052,85.17853357571789,27.76923073335095,185.91963,143.41737365722656,87.95124816894531,0.0,55.46612548828125,4.107802161922379,
2024-11-18 14:50:00,True,优化,23.716214285714287,21.470413673033036,59.692431954722174,20.951762180558056,85.17853357571789,27.769230766667924,186.16872,140.67327880859375,87.04969024658203,0.0,53.62358856201172,4.053016480953637,
2024-11-18 15:00:00,True,优化,23.700357142857143,21.45179957552829,58.485050339555784,20.90840436886123,85.1735814132435,27.76923076904771,182.25922,141.1299285888672,88.1446533203125,0.0,52.98527526855469,4.068873626190566,
2024-11-18 15:10:00,True,优化,23.694200000000002,21.43998341912819,58.048643256347006,20.734973444467993,85.04097261015379,27.769230769217693,192.72984,133.6810760498047,86.93045043945312,0.0,46.75062561035156,4.07503076921769,
2024-11-18 15:20:00,True,优化,23.7958,21.43059560093433,57.364608456022026,20.561542842468832,84.78411891830393,27.769230769229836,195.59547,138.1585235595703,87.81387329101562,0.0,50.34465026855469,3.973430769229836,
2024-11-18 15:30:00,True,优化,23.766571428571428,21.420741456087576,57.5669892706609,21.081835293254468,84.50410008328461,28.0,184.71269,138.53627014160156,86.65737915039062,0.0,51.87889099121094,4.233428571428572,
2024-11-18 15:40:00,True,优化,23.7475,21.4108904505685,57.359687344654866,20.778331256164822,84.21285630526447,28.0,183.5748,134.7367706298828,83.59056091308594,0.0,51.146209716796875,4.252500000000001,
2024-11-18 15:50:00,True,优化,23.65517857142857,21.40097426987695,56.728827910972676,21.29862370695046,83.9575436449168,28.0,205.64737,133.9166259765625,83.53350067138672,0.0,50.38312530517578,4.344821428571429,
2024-11-18 16:00:00,True,优化,23.583750000000002,21.392443829370826,56.802986358398414,20.90840436886123,83.69356470023894,28.0,222.61853,144.47344970703125,88.40805053710938,0.0,56.065399169921875,4.416249999999998,
2024-11-18 16:10:00,True,优化,23.648000000000003,21.390151301209844,56.825883197750215,20.64825814346841,83.4038616432795,28.0,189.40408,146.87269592285156,90.76058197021484,0.0,56.11211395263672,4.351999999999997,
2024-11-18 16:20:00,True,优化,23.7065,21.390068859735134,57.22777415436059,19.651030731199892,83.0254319280652,28.0,177.03535,134.6990203857422,85.57133483886719,0.0,49.127685546875,4.293500000000002,
2024-11-18 16:30:00,True,优化,23.6933,21.390068859735134,56.42518832806044,20.30139629468194,82.61907738092408,28.0,169.36699,129.5758514404297,81.94109344482422,0.0,47.63475799560547,4.306699999999999,
2024-11-18 16:40:00,True,优化,23.5727,21.390068859735134,55.58217424581026,20.04125006928912,82.22735921819748,28.0,200.85811,125.7765884399414,79.09843444824219,0.0,46.67815399169922,4.427299999999999,
2024-11-18 16:50:00,True,优化,23.560833333333335,21.390068859735134,56.00392052938562,20.69161595516524,81.8263970395481,28.0,184.60583,138.28623962402344,84.67691040039062,0.0,53.60932922363281,4.439166666666665,
2024-11-18 17:00:00,True,优化,23.554809523809524,21.390068859735134,56.48459487433299,20.431469407378348,81.46164071928017,28.0,232.61424,134.28663635253906,83.8437271118164,0.0,50.442909240722656,4.445190476190476,
2024-11-18 17:10:00,True,优化,23.789857142857144,21.390068859735134,59.54844376069788,21.385339330344113,81.09572924626858,28.0,205.32559,147.15066528320312,91.0889892578125,0.0,56.061676025390625,4.210142857142856,
2024-11-18 17:20:00,True,优化,23.8603,21.390068859735134,62.48243006257592,20.951762180558056,80.7221140127327,28.0,171.76303,134.98202514648438,87.4363784790039,0.0,47.54564666748047,4.139700000000001,
2024-11-18 17:30:00,True,优化,23.7982,21.390068859735134,65.3153512182428,21.77555866843334,80.3257738420447,28.0,176.57616,119.83346557617188,80.67838287353516,0.0,39.15508270263672,4.201799999999999,
2024-11-18 17:40:00,True,优化,23.819,21.390068859735134,67.61282827431843,22.16577800652257,79.89168709191453,28.0,178.57968,120.72624206542969,80.44375610351562,0.0,40.28248596191406,4.181000000000001,
2024-11-18 17:50:00,True,优化,23.86,21.390068859735134,69.19718703135025,21.472054953737768,79.49871715153388,28.0,173.48558,120.88446807861328,82.03607177734375,0.0,38.84839630126953,4.140000000000001,
2024-11-18 18:00:00,True,优化,23.81666666666667,21.390068859735134,70.87571963797453,21.602128066434176,79.14339763134724,28.0,171.0776,119.3985595703125,83.44684600830078,0.0,35.95171356201172,4.18333333333333,
2024-11-18 18:10:00,True,优化,23.844761904761906,21.390068859735134,71.9924826744753,21.992347404523404,78.7256484461318,28.0,173.82332,113.73212432861328,81.27548217773438,0.0,32.456642150878906,4.155238095238094,
2024-11-18 18:20:00,True,优化,23.86419642857143,21.390068859735134,72.42695275722643,21.90563178112975,78.20603550992217,28.0,176.1561,113.9228286743164,81.82540893554688,0.0,32.09741973876953,4.135803571428571,
2024-11-18 18:30:00,True,优化,23.887708333333332,21.390068859735134,73.04496764253108,22.469282366006286,77.64391627640912,28.0,171.1714,113.43329620361328,80.78832244873047,0.0,32.64497375488281,4.112291666666668,
2024-11-18 18:40:00,True,优化,23.975166666666667,21.390068859735134,73.14732130011816,22.122420517219815,77.1493394220011,28.0,155.85133,110.32414245605469,78.8092269897461,0.0,31.514915466308594,4.0248333333333335,
2024-11-18 18:50:00,True,优化,23.985714285714284,21.390068859735134,73.33690247656008,21.818916157736094,76.62161032801546,25.642857142857142,166.10619,102.38711547851562,73.78622436523438,-0.47,28.60089111328125,1.6571428571428584,
2024-11-18 19:00:00,False,保持,23.992285714285714,21.39042217059157,73.20498992684512,21.992347404523404,76.14354069479049,23.992285714285714,166.58533,107.04473114013672,107.04473114013672,0.09,0.0,0.0,
2024-11-18 19:10:00,False,保持,23.977,21.395278164541512,73.3560409813407,21.428696819646866,75.69866920767684,23.977,160.39317,103.44403076171875,103.44403076171875,0.09,0.0,0.0,
2024-11-18 19:20:00,False,保持,23.965,21.404758592901914,72.10525761065043,20.344754106378765,75.20977805015312,23.965,149.22047,101.61612701416016,101.61612701416016,0.08,0.0,0.0,
2024-11-18 19:30:00,False,保持,23.952,21.414794887000326,72.36327538507567,20.30139629468194,74.73233209385963,23.952,135.18033,96.42935180664062,96.42935180664062,0.08,0.0,0.0,
2024-11-18 19:40:00,False,保持,23.842142857142857,21.424286303007605,71.71977101310222,20.214680993682357,74.2689724196797,23.842142857142857,148.47153,89.2855224609375,89.2855224609375,0.05,0.0,0.0,
2024-11-18 19:50:00,False,保持,23.946857142857144,21.43295255355899,70.27282643519817,20.734973444467993,73.83196922707424,23.946857142857144,169.5418,95.24300384521484,95.24300384521484,0.08,0.0,0.0,
2024-11-18 20:00:00,False,保持,23.9945,21.44171462185085,70.3630467406346,20.214680993682357,73.41488489109145,23.9945,170.38675,104.46977996826172,104.46977996826172,0.09,0.0,0.0,
2024-11-18 20:10:00,False,保持,24.008,21.45035889710848,71.29156546188239,19.867819144895883,73.05144949931704,24.008,167.4075,102.45943450927734,102.45943450927734,0.09,0.0,0.0,
2024-11-18 20:20:00,False,保持,24.050714285714285,21.459646939279143,72.04989551509478,19.82446165559313,72.72598078999349,24.050714285714285,168.83215,100.84790802001953,100.84790802001953,0.11,0.0,0.0,
2024-11-18 20:30:00,False,保持,24.117285714285714,21.468950746334453,73.4937644210235,20.518185030772003,72.39996135748603,24.117285714285714,161.34842,98.97139739990234,98.97139739990234,0.13,0.0,0.0,
2024-11-18 20:40:00,False,保持,24.142500000000002,21.478639257522993,76.34971880373473,20.865046557164405,72.06018626304024,24.142500000000002,155.97905,91.86093139648438,91.86093139648438,0.15,0.0,0.0,
2024-11-18 20:50:00,False,保持,24.089499999999997,21.48876939022052,77.69550666043617,20.127965692682775,71.6927613878181,24.089499999999997,174.7005,87.96781921386719,87.96781921386719,0.12,0.0,0.0,
2024-11-18 21:00:00,False,保持,24.145285714285713,21.496785526957257,77.87253025411013,20.171323181985528,71.42314234234817,24.145285714285713,220.62741,97.55696105957031,97.55696105957031,0.15,0.0,0.0,
2024-11-18 21:10:00,False,保持,24.151714285714284,21.505875382006597,78.42137059405518,19.47759980680666,71.10606486620435,24.151714285714284,165.08417,114.8546371459961,114.8546371459961,0.15,0.0,0.0,
2024-11-18 21:20:00,False,保持,23.9604,21.51509278930447,78.67767896864017,20.214680993682357,70.78307223811798,23.9604,125.094215,91.7751693725586,91.7751693725586,0.08,0.0,0.0,
2024-11-18 21:30:00,False,保持,23.677100000000003,21.523949037426714,77.04961019817534,20.90840436886123,70.47273506736808,23.677100000000003,25.380575,72.30935668945312,72.30935668945312,-0.01,0.0,0.0,
2024-11-18 21:40:00,False,保持,23.404285714285713,21.533621851976857,75.1717266335405,20.561542842468832,70.1337851263737,23.404285714285713,18.07616,9.436423301696777,9.436423301696777,-0.09,0.0,0.0,
2024-11-18 21:50:00,False,保持,23.090714285714284,21.543247508365557,73.5176853238973,19.781103843896304,69.7964861131651,23.090714285714284,18.055214,7.356880187988281,7.356880187988281,-0.2,0.0,0.0,
2024-11-18 22:00:00,False,保持,22.886000000000003,21.552025273295815,72.2207677648181,18.78387643162778,69.48890007480287,22.886000000000003,17.755083,10.405556678771973,10.405556678771973,-0.27,0.0,0.0,
2024-11-18 22:10:00,False,保持,22.711625,21.560112113151597,70.71025900234396,17.743291207662438,69.20552474651166,22.711625,15.698083,7.44270133972168,7.44270133972168,-0.31,0.0,0.0,
2024-11-18 22:20:00,False,保持,22.587017857142857,21.570293225800782,69.47707585482625,17.179640945179973,68.84876105256431,22.587017857142857,17.483084,5.972165107727051,5.972165107727051,-0.35,0.0,0.0,
2024-11-18 22:30:00,False,保持,22.556857142857144,21.579349708431963,68.19724427298229,16.919494639188635,68.53140852527001,22.556857142857144,18.149626,3.146592140197754,3.146592140197754,-0.37,0.0,0.0,
2024-11-18 22:40:00,False,保持,22.518857142857144,21.588180432455243,67.00472844283162,15.662120855442485,68.22196542597987,22.518857142857144,18.316084,1.5283374786376953,1.5283374786376953,-0.38,0.0,0.0,
2024-11-18 22:50:00,False,保持,22.507142857142856,21.59877184158287,66.4459775052727,16.00898258836859,67.85082642890193,22.507142857142856,18.607916,4.098803520202637,4.098803520202637,-0.38,0.0,0.0,
2024-11-18 23:00:00,False,保持,22.398857142857143,21.607188447337492,65.70234223024895,15.228543690544207,67.56359976362117,22.398857142857143,18.236952,9.651032447814941,9.651032447814941,-0.41,0.0,0.0,
2024-11-18 23:10:00,False,保持,22.345285714285716,21.620139129462416,65.13026278663646,15.532047707484223,67.27719763090886,22.345285714285716,18.414845,10.95712661743164,10.95712661743164,-0.44,0.0,0.0,
2024-11-18 23:20:00,False,保持,22.253571428571426,21.639457255322384,64.04625062116232,15.01175511565118,66.93797325964697,22.253571428571426,18.215298,10.615500450134277,10.615500450134277,-0.47,0.0,0.0,
2024-11-18 23:30:00,False,保持,22.215285714285713,21.659446583089448,63.07569786479203,14.925039653454562,66.59131940290757,22.215285714285713,18.100447,11.895269393920898,11.895269393920898,-0.47,0.0,0.0,
2024-11-18 23:40:00,False,保持,22.176714285714286,21.677182692537777,62.14786272523219,14.96839738455287,66.27272945587762,22.176714285714286,17.630013,11.880297660827637,11.880297660827637,-0.48,0.0,0.0,
2024-11-18 23:50:00,False,保持,22.082285714285714,21.69587656991333,61.6458406009844,14.318031659873789,65.94478404443392,22.082285714285714,17.935404,12.730650901794434,12.730650901794434,-0.51,0.0,0.0,
2024-11-19 00:00:00,False,保持,22.035,21.713651920957652,60.86666442563275,14.014527622784142,65.63719862695463,22.035,17.00496,17.181194305419922,17.181194305419922,-0.53,0.0,0.0,
2024-11-19 00:10:00,False,保持,22.031375,21.90943172392079,60.05057974095692,13.277446435908441,63.60322455072083,22.031375,16.657167,8.575315475463867,8.575315475463867,-0.54,0.0,0.0,
2024-11-19 00:20:00,False,保持,22.00869642857143,21.870898524044243,59.49857772430008,12.930584748319005,63.7751060635639,22.00869642857143,17.95807,11.044621467590332,11.044621467590332,-0.54,0.0,0.0,
2024-11-19 00:30:00,False,保持,21.97442857142857,21.816114184957957,59.112919562899286,12.930584748319005,64.24432594154456,21.97442857142857,17.913345,15.50092887878418,15.50092887878418,-0.55,0.0,0.0,
2024-11-19 00:40:00,False,保持,21.930500000000002,21.818011294323846,58.64327788772369,12.887226936622177,63.97656395700254,21.930500000000002,17.952,15.11315631866455,15.11315631866455,-0.57,0.0,0.0,
2024-11-19 00:50:00,False,保持,21.92214285714286,21.838562015775487,58.06145868621677,12.49700759853295,63.633075361583906,21.92214285714286,18.109047,13.353944778442383,13.353944778442383,-0.57,0.0,0.0,
2024-11-19 01:00:00,False,保持,21.919428571428572,21.77166116852569,57.511250820829275,12.063430448746896,64.43780548897065,21.919428571428572,17.694368,16.050756454467773,16.050756454467773,-0.57,0.0,0.0,
2024-11-19 01:10:00,False,保持,21.88357142857143,21.85635695349468,57.052117737988134,12.063430448746896,62.935504665714284,21.88357142857143,17.869226,13.37891960144043,13.37891960144043,-0.58,0.0,0.0,
2024-11-19 01:20:00,False,保持,21.85285714285714,21.843206036860817,56.7124241785642,12.063430448746896,63.111032003287754,21.85285714285714,17.75144,16.474956512451172,16.474956512451172,-0.6,0.0,0.0,
2024-11-19 01:30:00,False,保持,21.78107142857143,21.87848975960421,56.469102435634966,12.063430448746896,62.37535647850909,21.78107142857143,17.351131,19.801387786865234,19.801387786865234,-0.61,0.0,0.0,
2024-11-19 01:40:00,False,保持,21.753317460317458,21.808699638949335,56.17417737734165,12.020072637050067,63.6695286418242,21.753317460317458,16.185856,20.613811492919922,20.613811492919922,-0.63,0.0,0.0,
2024-11-19 01:50:00,False,保持,21.68131111111111,21.871364714204628,55.89607370917325,11.976715147747313,62.269924343381604,21.68131111111111,17.194273,18.419540405273438,18.419540405273438,-0.64,0.0,0.0,
2024-11-19 02:00:00,False,保持,21.6558,21.933294913797933,55.57980855853136,12.49700759853295,60.771238300707715,21.6558,17.785116,19.09185028076172,19.09185028076172,-0.66,0.0,0.0,
2024-11-19 02:10:00,False,保持,21.6275,21.84281034508071,55.14176872219051,12.280219184836959,62.981944227453845,21.6275,17.751137,18.752525329589844,18.752525329589844,-0.66,0.0,0.0,
2024-11-19 02:20:00,False,保持,21.590714285714284,21.916415431328545,54.87930922646508,12.063430448746896,61.262215159308695,21.590714285714284,17.846964,22.444990158081055,22.444990158081055,-0.67,0.0,0.0,
2024-11-19 02:30:00,False,保持,21.52057142857143,21.963998152718375,54.54918450166233,11.716568599960421,60.18098722415843,21.52057142857143,17.772488,25.78289031982422,25.78289031982422,-0.7,0.0,0.0,
2024-11-19 02:40:00,False,保持,21.48357142857143,21.9192615048549,54.41590434295111,11.282991450174368,61.37446458931692,21.48357142857143,17.420952,26.809497833251953,26.809497833251953,-0.7,0.0,0.0,
2024-11-19 02:50:00,False,保持,21.497142857142855,21.942799671947853,54.1220045457846,11.586495487264013,60.88804997869261,21.497142857142855,17.721083,26.057905197143555,26.057905197143555,-0.7,0.0,0.0,
2024-11-19 03:00:00,False,保持,21.488142857142858,21.92979797574814,53.83835713707593,11.066203036478376,61.308985030782004,21.488142857142858,17.31106,26.748254776000977,26.748254776000977,-0.7,0.0,0.0,
2024-11-19 03:10:00,False,保持,21.46035714285714,21.932278965939265,53.54650763935283,11.109560848175203,61.38381881196477,21.46035714285714,15.863732,22.446979522705078,22.446979522705078,-0.71,0.0,0.0,
2024-11-19 03:20:00,False,保持,21.4125,22.00012980104334,53.220483736247104,10.806056811085558,59.60405657059379,21.4125,16.75846,24.488189697265625,24.488189697265625,-0.73,0.0,0.0,
2024-11-19 03:30:00,False,保持,21.375625,22.01349661470141,53.065332082864714,11.109560848175203,59.26428209703096,21.375625,17.545593,29.5741024017334,29.5741024017334,-0.74,0.0,0.0,
2024-11-19 03:40:00,False,保持,21.375589285714284,21.929244430382766,52.77109071766443,11.196276149174786,62.110690216396534,21.375589285714284,17.770084,32.3413200378418,32.3413200378418,-0.74,0.0,0.0,
2024-11-19 03:50:00,False,保持,21.299910714285716,21.927548579219625,52.5711702567874,11.066203036478376,62.4534908734975,21.299910714285716,17.484196,32.5234260559082,32.5234260559082,-0.77,0.0,0.0,
2024-11-19 04:00:00,False,保持,21.292875,21.93648430010453,52.4214008065516,11.196276149174786,62.4534908734975,21.292875,17.680708,34.20320510864258,34.20320510864258,-0.77,0.0,0.0,
2024-11-19 04:10:00,False,保持,21.2606,21.979786138726027,52.421230133939815,11.152918337477958,60.71252139935322,21.2606,17.718817,29.031963348388672,29.031963348388672,-0.77,0.0,0.0,
2024-11-19 04:20:00,False,保持,21.2484,21.980317845290156,52.14768115184208,11.109560848175203,60.60236310314812,21.2484,17.9826,32.68759536743164,32.68759536743164,-0.79,0.0,0.0,
2024-11-19 04:30:00,False,保持,21.243444444444446,22.022878120116786,51.87784017706201,10.76269899938873,57.96856890221365,21.243444444444446,17.322527,36.032623291015625,36.032623291015625,-0.79,0.0,0.0,
2024-11-19 04:40:00,False,保持,21.255555555555553,21.96406097339509,51.725163944981105,11.022845224781548,61.066877930071726,21.255555555555553,15.481806,38.01504898071289,38.01504898071289,-0.77,0.0,0.0,
2024-11-19 04:50:00,False,保持,21.216714285714286,21.93965914995905,51.66163763814469,10.54591058569274,62.4534908734975,21.216714285714286,15.448953,36.77396011352539,36.77396011352539,-0.79,0.0,0.0,
2024-11-19 05:00:00,False,保持,21.177857142857142,21.93984757786606,51.7332140774404,10.76269899938873,62.45679272906907,21.177857142857142,17.203392,38.756927490234375,38.756927490234375,-0.8,0.0,0.0,
2024-11-19 05:10:00,False,保持,21.13005357142857,21.94908071592546,51.353877932602025,10.979487735478795,61.35575614402123,21.13005357142857,17.652248,35.18723678588867,35.18723678588867,-0.82,0.0,0.0,
2024-11-19 05:20:00,False,保持,21.086675,21.963560455368995,51.23657460195961,10.76269899938873,59.971137476657105,21.086675,17.784231,38.302860260009766,38.302860260009766,-0.83,0.0,0.0,
2024-11-19 05:30:00,False,保持,21.0702,21.959095410084515,51.10790795121136,10.76269899938873,62.02566277880646,21.0702,17.519632,44.87903594970703,44.87903594970703,-0.83,0.0,0.0,
2024-11-19 05:40:00,False,保持,21.08725,21.92776601178455,51.05109268754334,10.54591058569274,56.6304891378624,21.08725,17.580126,43.90332794189453,43.90332794189453,-0.83,0.0,0.0,
2024-11-19 05:50:00,False,保持,21.06175,21.909967525260154,50.83220573135866,9.895544699816622,56.253213333625865,21.06175,17.438457,41.383270263671875,41.383270263671875,-0.84,0.0,0.0,
2024-11-19 06:00:00,False,保持,21.0285,21.891940959755228,50.722164230694474,10.199048414512193,56.010557372380575,21.0285,29.020416,42.28823471069336,42.28823471069336,-0.86,0.0,0.0,
2024-11-19 06:10:00,False,保持,21.010357142857142,21.88470010046278,50.58939653543901,10.719341187691903,55.81893550676533,21.010357142857142,37.061012,44.74528503417969,44.74528503417969,-0.86,0.0,0.0,
2024-11-19 06:20:00,False,保持,20.955571428571428,21.88470010046278,50.52856623200025,10.329121849602675,55.706133490924316,20.955571428571428,37.753963,54.63802719116211,54.63802719116211,-0.87,0.0,0.0,
2024-11-19 06:30:00,False,保持,20.93357142857143,21.886270378518745,50.44757294248977,10.329121849602675,55.69595597747393,20.93357142857143,22.92875,60.208377838134766,60.208377838134766,-0.89,0.0,0.0,
2024-11-19 06:40:00,False,保持,20.928,21.97106433572397,50.304723977008635,10.502552773995912,61.95276987775095,20.928,18.874857,53.84999465942383,53.84999465942383,-0.89,0.0,0.0,
2024-11-19 06:50:00,False,保持,20.894285714285715,21.9506509598583,50.18443008788661,10.068975301815783,60.37632321162947,20.894285714285715,19.01531,50.748252868652344,50.748252868652344,-0.89,0.0,0.0,
2024-11-19 07:00:00,False,保持,20.883714285714284,21.951561706116586,50.15914113039615,10.806056811085558,60.59476970456966,20.883714285714284,18.651024,54.91334533691406,54.91334533691406,-0.9,0.0,0.0,
2024-11-19 07:10:00,False,保持,20.8875,21.883294773602486,49.97186514826434,10.242406548603093,56.00794221336075,20.8875,25.809542,43.30544662475586,43.30544662475586,-0.9,0.0,0.0,
2024-11-19 07:20:00,False,保持,20.897,21.85579166977363,49.979383655590844,10.155690925209438,55.44339320774802,20.897,129.87291,52.24142074584961,52.24142074584961,-0.89,0.0,0.0,
2024-11-19 07:30:00,False,保持,20.940125000000002,21.83551181770372,49.71624080098768,9.808829076422967,55.65523598954506,20.940125000000002,113.125084,141.1300811767578,141.1300811767578,-0.89,0.0,0.0,
2024-11-19 07:40:00,False,保持,21.039375,21.81693566511614,49.00216709181418,9.15846351294092,55.84830327068694,21.039375,83.080414,133.9918212890625,133.9918212890625,-0.85,0.0,0.0,
2024-11-19 07:50:00,False,保持,21.0335,21.799605211400987,48.81956165705607,8.638171062155283,56.02516053955682,21.0335,78.10792,116.45632934570312,116.45632934570312,-0.86,0.0,0.0,
2024-11-19 08:00:00,False,保持,21.13125,21.782219819451445,48.83192138436805,9.028390400244511,56.22464775048621,21.13125,75.37021,115.32657623291016,115.32657623291016,-0.82,0.0,0.0,
2024-11-19 08:10:00,False,保持,21.18975,21.76468333029577,48.76174954056151,9.331894114940084,56.60853223292955,21.18975,74.84895,109.40580749511719,109.40580749511719,-0.8,0.0,0.0,
2024-11-19 08:20:00,False,保持,21.208000000000002,21.748018550541147,49.55489948030057,9.461967227636492,57.310184613366204,21.208000000000002,71.70663,110.57268524169922,110.57268524169922,-0.8,0.0,0.0,
2024-11-19 08:30:00,False,保持,21.158250000000002,21.88383303180699,50.54979246833757,10.068975301815783,62.76868831604399,21.158250000000002,109.7497,112.83110046386719,112.83110046386719,-0.8,0.0,0.0,
2024-11-19 08:40:00,False,保持,21.188916666666664,21.732003338631138,52.17244026668132,10.242406548603093,59.17906342748978,21.188916666666664,210.63017,134.66012573242188,134.66012573242188,-0.8,0.0,0.0,
2024-11-19 08:50:00,False,保持,21.404583333333335,21.698217279929562,54.62006800124178,10.329121849602675,59.22111086318321,21.404583333333335,149.06273,183.31765747070312,183.31765747070312,-0.73,0.0,0.0,
2024-11-19 09:00:00,True,优化,21.62225,21.880248465567192,55.93079867855552,10.589268074995495,64.65409751804599,25.70408163265306,188.75348,164.2819061279297,121.90674591064453,0.0,42.375160217285156,4.08183163265306,
2024-11-19 09:10:00,True,优化,21.959636363636363,21.933503747334864,57.64999888105957,11.413064885264848,66.47466791272589,25.730320699708454,216.25906,186.64553833007812,150.3932647705078,0.0,36.25227355957031,3.7706843360720903,
2024-11-19 09:20:00,True,优化,22.175163636363635,21.743270522164874,57.98675655405626,12.236861373140131,62.990627896506865,25.741566014160767,210.74156,195.37420654296875,155.4531707763672,0.0,39.92103576660156,3.5664023777971323,
2024-11-19 09:30:00,True,优化,22.29145,21.820527943182633,58.414135423738394,12.887226936622177,65.02390658382751,26.121987862200275,187.59454,190.68960571289062,144.60403442382812,0.0,46.0855712890625,3.8305378622002735,
2024-11-19 09:40:00,True,优化,22.43,21.905873091257472,59.14285634112323,13.624308284694916,67.26166686459311,26.25785280792867,185.03065,179.867431640625,131.97543334960938,0.0,47.891998291015625,3.8278528079286716,
2024-11-19 09:50:00,True,优化,22.501964285714287,21.732113215099915,59.649884787713326,13.797739047891115,64.98646609968372,26.30637600283167,187.30281,176.23399353027344,126.994140625,0.0,49.23985290527344,3.8044117171173824,
2024-11-19 10:00:00,True,优化,22.60628571428571,21.82630123503123,61.38790927691605,14.491462503668506,66.8616270075781,26.323705715297024,181.32199,176.8048095703125,127.71958923339844,0.0,49.08522033691406,3.7174200010113125,
2024-11-19 10:10:00,True,优化,22.750857142857143,21.744099236425974,62.37512244304308,15.01175511565118,66.15222600782343,26.329894898320365,186.31291,169.5057830810547,124.86719512939453,0.0,44.638587951660156,3.5790377554632222,
2024-11-19 10:20:00,True,优化,22.854142857142854,21.540091323861482,62.844678893317884,15.748836287414658,63.54572333819844,26.66568425666296,195.01266,168.7300262451172,117.66819763183594,0.0,51.06182861328125,3.811541399520106,
2024-11-19 10:30:00,True,优化,22.840285714285717,21.531164372620204,64.25129705345807,16.182413452312936,63.72235212213971,26.761624073332275,183.71565,169.77003479003906,114.82295227050781,0.0,54.94708251953125,3.9213383590465583,
2024-11-19 10:40:00,True,优化,22.908714285714286,21.521872372166815,65.09882248519538,16.6593483331973,63.925116353322345,26.789035449523507,180.53839,164.9442901611328,110.31184387207031,0.0,54.6324462890625,3.8803211638092208,
2024-11-19 10:50:00,True,优化,23.09914285714286,21.51214857766501,64.85823470695132,16.83277917699202,64.119077705924,26.79686727129243,217.243,162.053466796875,107.70962524414062,0.0,54.343841552734375,3.6977244141495724,
2024-11-19 11:00:00,True,优化,23.146428571428572,21.5028369222905,63.18642250152376,16.442559758304274,64.33972460806795,27.099328700991236,259.1215,173.07223510742188,115.88233947753906,0.0,57.18989562988281,3.9529001295626642,
2024-11-19 11:10:00,True,优化,23.13962857142857,21.489309149842605,64.28888869884979,17.179640945179973,64.56092285427876,27.16414186449812,185.15425,182.84210205078125,126.56614685058594,0.0,56.27595520019531,4.02451329306955,
2024-11-19 11:20:00,True,优化,23.114466666666665,21.471091017102985,65.3446044147788,17.743291207662438,64.8806142476765,27.17803039953531,191.56865,156.99757385253906,105.67996978759766,0.0,51.317604064941406,4.063563732868644,
2024-11-19 11:30:00,True,优化,23.18097619047619,21.45119429950246,64.7881083164252,18.003437433055254,65.22800074630656,27.181006514186137,184.65262,159.40150451660156,103.90635681152344,0.0,55.495147705078125,4.000030323709947,
2024-11-19 11:40:00,True,优化,23.216428571428573,21.433769119986895,64.07700778653586,17.179640945179973,65.53934623098053,27.181644253039885,189.48422,155.55503845214844,100.38885498046875,0.0,55.16618347167969,3.965215681611312,
2024-11-19 11:50:00,True,优化,23.202428571428573,21.414133034830012,62.751040679441786,17.699933557162645,65.88976015491464,27.18178091136569,194.61115,156.0576171875,101.00211334228516,0.0,55.055503845214844,3.9793523399371153,
2024-11-19 12:00:00,True,优化,23.089000000000002,21.397158553575196,63.21307862239008,18.003437433055254,66.18138888036884,27.18181019529265,180.82475,159.4192657470703,103.58756256103516,0.0,55.831703186035156,4.092810195292646,
2024-11-19 12:10:00,True,优化,22.978227272727274,21.379571630437887,62.91166054070727,18.003437433055254,66.424596185681,27.181816470419854,111.2592,143.0846710205078,98.36414337158203,0.0,44.72052764892578,4.20358919769258,
2024-11-19 12:20:00,True,优化,22.88027272727273,21.36011366800368,62.934712929428656,18.1335107069487,66.61805586485245,27.181817815089968,104.43892,112.96790313720703,82.40037536621094,0.0,30.567527770996094,4.301545087817239,
2024-11-19 12:30:00,True,优化,22.84916666666667,21.34253179508916,63.05606293888993,18.3069414701449,66.79733581902512,27.181818103233564,119.518265,112.23023223876953,79.16677856445312,0.0,33.063453674316406,4.332651436566895,
2024-11-19 12:40:00,True,优化,22.762833333333333,21.3210495122718,63.689128207459476,18.220226007948284,67.01775796153822,27.181818164978623,111.05415,120.06238555908203,79.90088653564453,0.0,40.1614990234375,4.4189848316452895,
2024-11-19 12:50:00,True,优化,22.7425,21.30308696175303,63.3518269889844,18.3069414701449,67.2122694164408,27.181818178209703,102.878334,118.9809799194336,78.40035247802734,0.0,40.58062744140625,4.439318178209703,
2024-11-19 13:00:00,False,保持,22.795285714285715,21.287817544905632,60.89502905509851,17.52650263276941,67.37596645012923,22.795285714285715,145.36255,124.34510040283203,124.34510040283203,-0.28,0.0,0.0,
2024-11-19 13:10:00,False,保持,22.835714285714285,21.274835469503916,59.83391397963764,17.049567751885046,67.53333544470794,22.835714285714285,200.33032,143.05433654785156,143.05433654785156,-0.28,0.0,0.0,
2024-11-19 13:20:00,False,保持,22.8995,21.265763221988085,59.04482709526701,17.439787170572792,67.66154280850716,22.8995,176.81984,164.31849670410156,164.31849670410156,-0.25,0.0,0.0,
2024-11-19 13:30:00,False,保持,22.970374999999997,21.256436006467684,57.983711908401034,16.962852289688428,67.80350521336176,22.970374999999997,169.85391,155.336181640625,155.336181640625,-0.24,0.0,0.0,
2024-11-19 13:40:00,False,保持,23.059825,21.247003555223774,58.02437944857826,16.442559758304274,67.93542607813382,23.059825,178.827,151.0312957763672,151.0312957763672,-0.21,0.0,0.0,
2024-11-19 13:50:00,False,保持,23.0673,21.23780068437798,58.59611721275187,16.572632871000682,68.04828086902626,23.0673,179.75276,153.58287048339844,153.58287048339844,-0.21,0.0,0.0,
2024-11-19 14:00:00,True,优化,23.188499999999998,21.228088014015558,58.151166472494886,17.049567751885046,68.19907533396088,27.181818181044935,175.62132,155.60379028320312,101.09591674804688,0.0,54.50787353515625,3.9933181810449376,
2024-11-19 14:10:00,True,优化,23.252999999999997,21.225191779492587,58.39517171355823,16.572632871000682,68.2310439765943,27.181818181652485,192.17508,146.73402404785156,100.0650634765625,0.0,46.66896057128906,3.9288181816524883,
2024-11-19 14:20:00,True,优化,23.324,21.225191779492587,57.85931708617689,16.78942144589371,68.2310439765943,27.181818181782674,190.21645,151.6710968017578,100.44156646728516,0.0,51.229530334472656,3.8578181817826724,
2024-11-19 14:30:00,True,优化,23.31357142857143,21.225191779492587,57.163526281919566,17.30971405787638,68.2310439765943,27.454545454540384,181.34143,150.70135498046875,99.4353256225586,0.0,51.266029357910156,4.140974025968955,
2024-11-19 14:40:00,True,优化,23.27192857142857,21.225191779492587,57.65905511296863,17.699933557162645,68.2310439765943,27.49350649350577,183.35966,146.0565948486328,95.580810546875,0.0,50.47578430175781,4.2215779220771985,
2024-11-19 14:50:00,True,优化,23.275,21.225191779492587,57.58558013582572,18.090152895251872,68.2310439765943,27.49907235621511,185.56775,145.9441680908203,96.57312774658203,0.0,49.37104034423828,4.22407235621511,
2024-11-19 15:00:00,True,优化,23.408428571428573,21.225686428340847,57.84017941693451,18.220226007948284,68.2079340920081,27.4998674794593,180.29796,147.96414184570312,98.72748565673828,0.0,49.236656188964844,4.091438908030728,
2024-11-19 15:10:00,True,优化,23.443571428571428,21.23072696016133,58.03360652020675,17.699933557162645,68.02855479656212,27.499981068494186,173.11009,140.4264678955078,96.99578094482422,0.0,43.430686950683594,4.056409639922759,
2024-11-19 15:20:00,True,优化,23.511,21.239579181754593,56.86450027137638,16.919494639188635,67.71519082139113,27.49999729549917,158.84418,136.99685668945312,91.79268646240234,0.0,45.20417022705078,3.9889972954991713,
2024-11-19 15:30:00,True,优化,23.5035,21.249016410236276,56.66799746827755,15.792194003400745,67.3855951030446,27.49999961364274,159.46524,130.99855041503906,87.44578552246094,0.0,43.552764892578125,3.99649961364274,
2024-11-19 15:40:00,True,优化,23.3655,21.259266315109393,56.141711703368664,15.87890943537292,67.01775796153822,27.499999944806106,178.29033,128.6832275390625,85.26914978027344,0.0,43.41407775878906,4.134499944806105,
2024-11-19 15:50:00,True,优化,23.336333333333336,21.269818414394773,57.31150143640751,17.136283133483147,66.67688204160758,27.499999992115157,182.31248,136.68414306640625,89.68185424804688,0.0,47.002288818359375,4.163666658781821,
2024-11-19 16:00:00,True,优化,23.232833333333332,21.277512770044382,57.51483912336799,17.30971405787638,66.4233121997235,27.499999998873594,180.15324,141.16848754882812,94.03357696533203,0.0,47.134910583496094,4.2671666655402625,
2024-11-19 16:10:00,True,优化,23.223333333333336,21.29066628003589,57.2205975318761,18.17686835744849,66.11260870802828,27.499999999839083,180.78658,138.37957763671875,84.6458511352539,0.0,53.733726501464844,4.276666666505747,
2024-11-19 16:20:00,True,优化,23.142125,21.30917439110833,55.8375595177443,17.353071708376174,65.78704748714395,27.49999999997701,179.31818,139.47695922851562,84.6099853515625,0.0,54.866973876953125,4.35787499997701,
2024-11-19 16:30:00,True,优化,23.215208333333333,21.328628531752315,55.483598112322674,17.049567751885046,65.44234320289321,27.499999999996717,166.70448,139.8282012939453,84.3094711303711,0.0,55.51873016357422,4.284791666663384,
2024-11-19 16:40:00,True,优化,23.237966666666665,21.346559552501784,55.8616240217908,15.662120855442485,65.14727478585073,27.49999999999953,180.99347,132.3464813232422,80.91587829589844,0.0,51.43060302734375,4.262033333332866,
2024-11-19 16:50:00,True,优化,23.155324999999998,21.364835285079696,55.474604601484394,15.575405428507718,64.82151736595162,27.499999999999932,183.25188,135.76202392578125,81.88459014892578,0.0,53.87743377685547,4.344674999999935,
2024-11-19 17:00:00,True,优化,23.142375,21.385578665706092,55.01605809434116,16.48591748940258,64.45184986148455,27.49999999999999,187.01707,140.0659637451172,83.75639343261719,0.0,56.3095703125,4.357624999999988,
2024-11-19 17:10:00,True,优化,23.15142857142857,21.408315246423868,54.562939689245354,15.705478571428571,64.06714829706826,27.5,215.65613,139.3805694580078,84.5602798461914,0.0,54.820289611816406,4.348571428571429,
2024-11-19 17:20:00,True,优化,23.14142857142857,21.43548851610763,54.94902520060621,15.835551714349425,63.63376329990156,27.5,186.66849,151.45755004882812,90.27063751220703,0.0,61.186912536621094,4.35857142857143,
2024-11-19 17:30:00,True,优化,23.18142857142857,21.461546983233948,55.067951926352364,15.575405428507718,63.222731330995046,27.5,180.89923,140.61050415039062,84.646728515625,0.0,55.963775634765625,4.318571428571431,
2024-11-19 17:40:00,True,优化,23.052714285714284,21.489348391438597,55.3454481025155,15.705478571428571,62.75337361699768,27.5,183.97987,134.9208526611328,80.36869049072266,0.0,54.552162170410156,4.447285714285716,
2024-11-19 17:50:00,True,优化,23.062857142857144,21.518567001351716,55.823547987028306,16.48591748940258,62.28181549379654,27.5,175.85893,135.755126953125,79.59223937988281,0.0,56.16288757324219,4.437142857142856,
2024-11-19 18:00:00,True,优化,23.136142857142858,21.54534771858305,54.77302697946415,15.315259112441566,61.85647713976778,27.5,170.89433,134.57057189941406,78.85733795166016,0.0,55.713233947753906,4.363857142857142,
2024-11-19 18:10:00,True,优化,23.110875,21.570397301337977,54.21632589572824,14.187958547177379,61.47130742960103,27.5,163.46562,130.54075622558594,77.08112335205078,0.0,53.459632873535156,4.389125,
2024-11-19 18:20:00,True,优化,23.024625,21.599874974030897,53.67474716295123,13.754381397391324,61.06254540878959,27.5,154.55054,128.63645935058594,75.03397369384766,0.0,53.60248565673828,4.475375,
2024-11-19 18:30:00,True,优化,22.943,21.626420173440025,53.64006007130265,14.274674009373998,60.699522593740895,27.5,146.2853,124.8148422241211,71.40296936035156,0.0,53.41187286376953,4.556999999999999,
2024-11-19 18:40:00,True,优化,22.9945,21.65454268026927,55.5934175826244,15.748836287414658,60.28421274125256,27.5,133.58855,119.18386840820312,68.45004272460938,0.0,50.73382568359375,4.505500000000001,
2024-11-19 18:50:00,True,优化,22.90375,21.683621521854402,57.21389934903384,16.702706064295608,59.871695620310085,27.5,134.6067,110.86095428466797,64.63375091552734,0.0,46.227203369140625,4.596250000000001,
2024-11-19 19:00:00,False,保持,22.88675,21.710232647144796,57.70202940712734,17.26635640737659,59.49056909996696,22.88675,132.24371,113.57755279541016,113.57755279541016,-0.27,0.0,0.0,
2024-11-19 19:10:00,False,保持,22.902857142857144,21.724741868970014,57.668139808880504,17.26635640737659,59.17472966444173,22.902857142857144,135.14494,111.9981918334961,111.9981918334961,-0.25,0.0,0.0,
2024-11-19 19:20:00,False,保持,22.866642857142857,21.73497600895848,57.364016101184596,17.30971405787638,58.830139622655295,22.866642857142857,123.20312,113.37357330322266,113.37357330322266,-0.27,0.0,0.0,
2024-11-19 19:30:00,False,保持,22.899375,21.74455198207434,57.629779022684765,17.483144982269618,58.52429640275665,22.899375,124.25376,107.7972183227539,107.7972183227539,-0.25,0.0,0.0,
2024-11-19 19:40:00,False,保持,22.879569444444446,21.75366865790146,58.18206579077485,16.876136908090327,58.20538483835436,22.879569444444446,120.78691,103.52372741699219,103.52372741699219,-0.27,0.0,0.0,
2024-11-19 19:50:00,False,保持,22.78526984126984,21.76226058828235,58.46979530512389,16.83277917699202,57.90409641583689,22.78526984126984,119.6811,99.88330078125,99.88330078125,-0.3,0.0,0.0,
2024-11-19 20:00:00,False,保持,22.771785714285716,21.77163632688927,59.465134136367396,17.830006669859056,57.57240583838947,22.771785714285716,153.63042,102.42498779296875,102.42498779296875,-0.3,0.0,0.0,
2024-11-19 20:10:00,False,保持,22.7826,21.786931950298168,60.44597760454961,16.702706064295608,57.281204280410485,22.7826,194.25204,119.17781066894531,119.17781066894531,-0.3,0.0,0.0,
2024-11-19 20:20:00,False,保持,22.8694,21.804498399559304,60.998851031891434,16.83277917699202,57.229427608762464,22.8694,147.60873,137.70252990722656,137.70252990722656,-0.27,0.0,0.0,
2024-11-19 20:30:00,False,保持,22.8345,21.824069309543713,61.398828313486774,16.61599060209899,65.56489556470939,22.8345,79.64996,119.33497619628906,119.33497619628906,-0.28,0.0,0.0,
2024-11-19 20:40:00,False,保持,22.563625,21.842024421220806,62.07917212362297,16.83277917699202,66.01053803323634,22.563625,19.706188,66.32323455810547,66.32323455810547,-0.37,0.0,0.0,
2024-11-19 20:50:00,False,保持,22.381875,21.861919637403744,62.3028437060028,17.006210020786735,59.861295830760675,22.381875,17.957718,13.821566581726074,13.821566581726074,-0.42,0.0,0.0,
2024-11-19 21:00:00,False,保持,22.215,21.879027540084934,62.45047685205869,16.269128874210296,60.36889496791788,22.215,17.95372,11.927539825439453,11.927539825439453,-0.47,0.0,0.0,
2024-11-19 21:10:00,False,保持,22.105285714285714,21.89944095007373,61.83345837396018,15.532047707484223,58.22899950078555,22.105285714285714,18.18575,9.67077350616455,9.67077350616455,-0.51,0.0,0.0,
2024-11-19 21:20:00,False,保持,22.015714285714285,21.920902417783655,61.24463340709525,14.448104853168715,60.05910789946891,22.015714285714285,17.080278,9.674694061279297,9.674694061279297,-0.54,0.0,0.0,
2024-11-19 21:30:00,False,保持,21.9285,21.947130988697815,60.73361197894403,13.580950472998087,61.37042885008879,21.9285,16.115866,9.964378356933594,9.964378356933594,-0.57,0.0,0.0,
2024-11-19 21:40:00,False,保持,21.849375000000002,21.970729348986705,60.35552936428047,13.060657861015414,60.11679165158101,21.849375000000002,17.82192,10.609910011291504,10.609910011291504,-0.6,0.0,0.0,
2024-11-19 21:50:00,False,保持,21.77225,21.985481254490786,60.20333930405194,12.410292297533369,57.8049687262667,21.77225,18.201864,12.76010799407959,12.76010799407959,-0.61,0.0,0.0,
2024-11-19 22:00:00,False,保持,21.729374999999997,22.037335099434642,59.69294464098813,12.020072637050067,63.68218472004362,21.729374999999997,17.951822,17.02793312072754,17.02793312072754,-0.63,0.0,0.0,
2024-11-19 22:10:00,False,保持,21.6215,22.01673919896292,59.35325110941547,11.456422374567603,55.80689782797225,21.6215,17.848583,14.098475456237793,14.098475456237793,-0.67,0.0,0.0,
2024-11-19 22:20:00,False,保持,21.604625000000002,22.025312805224637,58.7874937937705,11.196276149174786,53.66390788017638,21.604625000000002,17.944208,13.616381645202637,13.616381645202637,-0.67,0.0,0.0,
2024-11-19 22:30:00,False,保持,21.562625,22.053561772362357,58.28154185465278,10.849414300388311,55.42317229156621,21.562625,17.934114,15.42945384979248,15.42945384979248,-0.68,0.0,0.0,
2024-11-19 22:40:00,False,保持,21.553392857142857,22.114628110873806,57.878454755419256,11.152918337477958,63.276792851929144,21.553392857142857,17.83773,17.674739837646484,17.674739837646484,-0.69,0.0,0.0,
2024-11-19 22:50:00,False,保持,21.487857142857145,22.127977282875246,57.79318963738467,10.67598369838915,61.98165707826294,21.487857142857145,17.517488,17.67070770263672,17.67070770263672,-0.7,0.0,0.0,
2024-11-19 23:00:00,False,保持,21.462857142857143,22.121785539120864,57.62283024103494,10.76269899938873,57.50405407529004,21.462857142857143,15.960268,18.315624237060547,18.315624237060547,-0.71,0.0,0.0,
2024-11-19 23:10:00,False,保持,21.446142857142856,22.153371304473602,57.079799001613345,10.459194962299085,61.71616504181601,21.446142857142856,16.734451,16.12250328063965,16.12250328063965,-0.73,0.0,0.0,
2024-11-19 23:20:00,False,保持,21.3865,22.12151466973914,56.93139666601369,10.329121849602675,53.06950682193465,21.3865,17.745697,16.96523666381836,16.96523666381836,-0.74,0.0,0.0,
2024-11-19 23:30:00,False,保持,21.338,22.128635790979118,56.641085115683346,9.895544699816622,52.490101328898746,21.338,17.710459,18.400062561035156,18.400062561035156,-0.76,0.0,0.0,
2024-11-19 23:40:00,False,保持,21.30464285714286,22.138116219339523,56.2948130016051,10.155690925209438,52.35818108500965,21.30464285714286,17.521132,16.75618553161621,16.75618553161621,-0.76,0.0,0.0,
2024-11-19 23:50:00,False,保持,21.252857142857145,22.148071675750188,56.03406229299186,9.895544699816622,52.21621743838914,21.252857142857145,17.416702,14.156203269958496,14.156203269958496,-0.77,0.0,0.0,
2024-11-20 00:00:00,False,保持,21.249000000000002,22.156574613015994,55.9216285906352,9.76547158712021,52.10341790607997,21.249000000000002,17.291834,15.343375205993652,15.343375205993652,-0.79,0.0,0.0,
2024-11-20 00:10:00,False,保持,21.258,22.16477136346368,55.495815463918035,9.461967227636492,52.02693257622846,21.258,17.61625,0.5680656433105469,0.5680656433105469,-0.77,0.0,0.0,
2024-11-20 00:20:00,False,保持,21.197499999999998,22.174114412114985,55.256594626239654,9.28853662563733,51.957602301586945,21.197499999999998,17.615541,2.730924606323242,2.730924606323242,-0.8,0.0,0.0,
2024-11-20 00:30:00,False,保持,21.17142857142857,22.18402076534597,55.05445319330742,9.028390400244511,51.871903068636136,21.17142857142857,16.090298,6.0217390060424805,6.0217390060424805,-0.8,0.0,0.0,
2024-11-20 00:40:00,False,保持,21.133904761904763,22.19257867496929,54.96867527760178,9.028390400244511,51.81935401858814,21.133904761904763,16.695854,5.21757698059082,5.21757698059082,-0.82,0.0,0.0,
2024-11-20 00:50:00,False,保持,21.042916666666667,22.201811130566153,54.66059316570239,8.681528551458037,51.76492741847463,21.042916666666667,17.586441,5.328189849853516,5.328189849853516,-0.85,0.0,0.0,
2024-11-20 01:00:00,False,保持,21.00941666666667,22.210927806393272,54.45819527823208,8.594812928064382,51.69921813324518,21.00941666666667,17.724213,7.55748176574707,7.55748176574707,-0.86,0.0,0.0,
2024-11-20 01:10:00,False,保持,20.974833333333333,22.219959396203343,54.342970543928246,8.594812928064382,51.59072752866574,20.974833333333333,17.537153,2.5675621032714844,2.5675621032714844,-0.87,0.0,0.0,
2024-11-20 01:20:00,False,保持,20.919545454545457,22.229421500444573,54.13624389992821,8.204593589975154,51.4530305897338,20.919545454545457,17.542841,5.368073463439941,5.368073463439941,-0.89,0.0,0.0,
2024-11-20 01:30:00,False,保持,20.918454545454544,22.23971049335961,54.09311163333901,8.594812928064382,51.31331950648554,20.918454545454544,17.700993,10.570194244384766,10.570194244384766,-0.89,0.0,0.0,
2024-11-20 01:40:00,False,保持,20.915,22.24844398353265,53.98002543131705,8.291309213368809,51.1998692888362,20.915,17.587917,10.903921127319336,10.903921127319336,-0.89,0.0,0.0,
2024-11-20 01:50:00,False,保持,20.8275,22.257322377564282,53.72558153247021,8.204593589975154,51.071711595673634,20.8275,16.686562,9.773627281188965,9.773627281188965,-0.92,0.0,0.0,
2024-11-20 02:00:00,False,保持,20.795,22.26913856808751,53.42057486973593,8.1612361006724,50.941716088954884,20.795,16.05402,10.31332015991211,10.31332015991211,-0.93,0.0,0.0,
2024-11-20 02:10:00,False,保持,20.821,22.30183918718238,53.35359322234655,8.204593589975154,50.78379575030931,20.821,17.578,3.883535385131836,3.883535385131836,-0.92,0.0,0.0,
2024-11-20 02:20:00,False,保持,20.725,22.356331074009145,53.3260828471805,7.640943649886763,50.59024914752372,20.725,18.044083,7.995943069458008,7.995943069458008,-0.95,0.0,0.0,
2024-11-20 02:30:00,False,保持,20.705833333333334,22.41862713323882,53.199295823263874,7.4675124030994535,50.36685049210914,20.705833333333334,17.411777,12.1992826461792,12.1992826461792,-0.96,0.0,0.0,
2024-11-20 02:40:00,False,保持,20.650952380952383,22.478468361919575,52.89867495647005,7.727658628492272,50.16078440535493,20.650952380952383,17.554186,12.597672462463379,12.597672462463379,-0.97,0.0,0.0,
2024-11-20 02:50:00,False,保持,20.670714285714286,22.52569256441072,52.8051508214154,7.901089875279582,50.00974344988592,20.670714285714286,17.892702,11.123347282409668,11.123347282409668,-0.96,0.0,0.0,
2024-11-20 03:00:00,False,保持,20.68042857142857,22.57738022972633,52.834313111390564,7.684301139189518,49.818807039056495,20.68042857142857,17.464262,11.8379487991333,11.8379487991333,-0.96,0.0,0.0,
2024-11-20 03:10:00,False,保持,20.613571428571426,22.578824866428867,52.66344130728763,7.640943649886763,49.77313737218507,20.613571428571426,16.806322,3.3672008514404297,3.3672008514404297,-0.99,0.0,0.0,
2024-11-20 03:20:00,False,保持,20.5435,22.54146842391213,52.56296861339335,7.510870537190355,49.839715893555955,20.5435,15.690291,9.08554744720459,9.08554744720459,-1.0,0.0,0.0,
2024-11-20 03:30:00,False,保持,20.616,22.504005992422183,52.32853217909992,7.684301139189518,49.92197791845031,20.616,17.143084,14.17612075805664,14.17612075805664,-0.99,0.0,0.0,
2024-11-20 03:40:00,False,保持,20.511785714285715,22.463583623613058,52.24241247255032,6.947219952313818,49.98167954017647,20.511785714285715,17.821566,14.476377487182617,14.476377487182617,-1.02,0.0,0.0,
2024-11-20 03:50:00,False,保持,20.505714285714284,22.427950544030566,52.237969637199136,7.4241549137967,50.03477745075949,20.505714285714284,17.614225,15.89075756072998,15.89075756072998,-1.02,0.0,0.0,
2024-11-20 04:00:00,False,保持,20.535,22.39432738913705,52.12485246455964,7.510870537190355,50.111538452644425,20.535,17.40375,18.99436378479004,18.99436378479004,-1.0,0.0,0.0,
2024-11-20 04:10:00,False,保持,20.4885,22.38537691853052,52.07495813126667,6.947219952313818,50.128044005204515,20.4885,17.583843,8.965921401977539,8.965921401977539,-1.02,0.0,0.0,
2024-11-20 04:20:00,False,保持,20.4715,22.39518710425898,51.893748379589795,7.0772930650102275,50.128044005204515,20.4715,17.570032,14.999391555786133,14.999391555786133,-1.03,0.0,0.0,
2024-11-20 04:30:00,False,保持,20.472285714285714,22.404255350838177,51.799255911413965,6.990578086404717,50.128044005204515,20.472285714285714,16.1075,19.55622100830078,19.55622100830078,-1.03,0.0,0.0,
2024-11-20 04:40:00,False,保持,20.42142857142857,22.412671931000453,51.590706902803234,7.207366177706636,50.128044005204515,20.42142857142857,15.861607,19.551851272583008,19.551851272583008,-1.05,0.0,0.0,
2024-11-20 04:50:00,False,保持,20.409,22.4218069053544,51.60335138154846,6.513643124921835,50.128044005204515,20.409,18.18656,17.633745193481445,17.633745193481445,-1.05,0.0,0.0,
2024-11-20 05:00:00,False,保持,20.35214285714286,22.431511104650557,51.57327779786285,6.7737893503146545,50.1291442098064,20.35214285714286,17.923868,21.82866668701172,21.82866668701172,-1.06,0.0,0.0,
2024-11-20 05:10:00,False,保持,20.35314285714286,22.439550824733413,51.53158510796392,7.0772930650102275,50.19957717258163,20.35314285714286,18.511381,13.529736518859863,13.529736518859863,-1.06,0.0,0.0,
2024-11-20 05:20:00,False,保持,20.356571428571428,22.44917650671446,51.34635987089592,7.29408180110029,50.32503278311022,20.356571428571428,17.730999,18.637475967407227,18.637475967407227,-1.06,0.0,0.0,
2024-11-20 05:30:00,False,保持,20.31992857142857,22.458488136496623,51.27596031506686,7.0772930650102275,50.46149292318948,20.31992857142857,18.012917,22.155826568603516,22.155826568603516,-1.08,0.0,0.0,
2024-11-20 05:40:00,False,保持,20.292,22.467909685401473,51.21137075796486,6.860504328920163,50.60730604415067,20.292,17.621916,22.727449417114258,22.727449417114258,-1.09,0.0,0.0,
2024-11-20 05:50:00,False,保持,20.307,22.477021106267042,51.120466870840495,6.817146839617408,50.7231330017639,20.307,16.155666,22.481969833374023,22.481969833374023,-1.08,0.0,0.0,
2024-11-20 06:00:00,False,保持,20.310375,22.486391621902847,51.118074780553115,6.080065652741707,50.85986881387659,20.310375,16.829823,22.67613410949707,22.67613410949707,-1.08,0.0,0.0,
2024-11-20 06:10:00,False,保持,20.308125,22.495102629200616,50.96138529118306,5.993350029348052,50.85071948260494,20.308125,17.58779,13.122238159179688,13.122238159179688,-1.08,0.0,0.0,
2024-11-20 06:20:00,False,保持,20.26,22.50379400757782,50.86262110588824,6.123423142044462,50.78455322751827,20.26,5.2724285,17.761579513549805,17.761579513549805,-1.09,0.0,0.0,
2024-11-20 06:30:00,False,保持,24.675681764884587,22.50974136002243,50.913028348257356,5.993350029348052,50.749818551306205,24.675681764884587,142.80566,12.089696884155273,12.089696884155273,0.32,0.0,0.0,
2024-11-20 06:40:00,False,保持,24.675681764884587,21.14311951701599,60.346681794121984,12.858322051218366,78.49155056095863,24.675681764884587,211.62096,159.9370880126953,159.9370880126953,0.32,0.0,0.0,
2024-11-20 06:50:00,False,保持,24.675681764884587,21.125386137417813,60.393462800516154,12.75715382392577,78.67172464479884,24.675681764884587,180.06795,193.32472229003906,193.32472229003906,0.32,0.0,0.0,
2024-11-20 07:00:00,False,保持,24.675681764884587,21.098075351532444,64.9166724744823,12.930584748319005,78.91814183739439,24.675681764884587,173.61351,179.83363342285156,179.83363342285156,0.32,0.0,0.0,
2024-11-20 07:10:00,False,保持,24.675681764884587,21.071110164676824,68.34880779093362,14.05788543448097,79.18088297428477,24.675681764884587,162.57767,174.54351806640625,174.54351806640625,0.32,0.0,0.0,
2024-11-20 07:20:00,False,保持,24.675681764884587,21.041667775297167,69.77319684685817,14.664893428061744,79.44610019241233,24.675681764884587,161.14784,169.32022094726562,169.32022094726562,0.32,0.0,0.0,
2024-11-20 07:30:00,False,保持,24.675681764884587,21.015601528097903,71.07934231310409,15.09847053754854,79.67335065047868,24.675681764884587,162.71732,167.17999267578125,167.17999267578125,0.32,0.0,0.0,
2024-11-20 07:40:00,False,保持,24.675681764884587,20.99521173131296,73.30136157623218,15.271901421642516,79.8235669181585,24.675681764884587,158.77325,157.6762237548828,157.6762237548828,0.32,0.0,0.0,
2024-11-20 07:50:00,False,保持,24.675681764884587,20.976580640490994,74.6357575931224,15.445332285586865,79.89986738010921,24.675681764884587,151.60222,152.49522399902344,152.49522399902344,0.32,0.0,0.0,
2024-11-20 08:00:00,False,保持,24.675681764884587,20.957651177046984,75.08162040692554,15.87890943537292,79.95690929446329,24.675681764884587,146.96248,149.26864624023438,149.26864624023438,0.32,0.0,0.0,
2024-11-20 08:10:00,False,保持,24.675681764884587,20.93916927253604,76.02608609967558,16.78942144589371,80.01312574492448,24.675681764884587,170.36697,150.420654296875,150.420654296875,0.32,0.0,0.0,
2024-11-20 08:20:00,False,保持,24.675681764884587,20.91982760171848,78.66520516250674,17.61321809496603,80.08926555340976,24.675681764884587,187.2171,162.42112731933594,162.42112731933594,0.32,0.0,0.0,
2024-11-20 08:30:00,False,保持,24.675681764884587,20.90293023873057,81.1957051449787,17.61321809496603,80.1560742671374,24.675681764884587,189.39653,168.3186492919922,168.3186492919922,0.32,0.0,0.0,
2024-11-20 08:40:00,False,保持,24.675681764884587,20.902490596362952,83.89132530909848,18.26358381964511,80.09428663389251,24.675681764884587,217.92134,161.03074645996094,161.03074645996094,0.32,0.0,0.0,
2024-11-20 08:50:00,False,保持,24.675681764884587,20.910899353798374,85.66235623262511,18.3069414701449,79.96653841304087,24.675681764884587,190.4053,168.08314514160156,168.08314514160156,0.32,0.0,0.0,
2024-11-20 09:00:00,True,优化,24.675681764884587,20.920237761704414,88.1075912084676,17.786648858162227,79.82948207010102,27.5,230.6018,157.12144470214844,109.49075317382812,0.0,47.63069152832031,2.8243182351154132,
2024-11-20 09:10:00,True,优化,24.675681764884587,20.929443498892873,90.0,18.870591732627364,79.6908207447143,27.5,214.17773,170.4199676513672,118.16504669189453,0.0,52.254920959472656,2.8243182351154132,
2024-11-20 09:20:00,True,优化,24.675681764884587,20.938121010076152,90.0,18.653803318931374,79.57705806771625,27.5,167.11911,164.43482971191406,116.43167877197266,0.0,48.003150939941406,2.8243182351154132,
2024-11-20 09:30:00,True,优化,24.675681764884587,20.948080458892672,90.0,19.0440226570206,79.4229899197743,27.5,164.7899,147.0183563232422,109.38655853271484,0.0,37.631797790527344,2.8243182351154132,
2024-11-20 09:40:00,True,优化,24.675681764884587,20.97121825933712,90.0,19.911176956592712,79.10880110159336,27.5,213.11978,137.60748291015625,107.98646545410156,0.0,29.621017456054688,2.8243182351154132,
2024-11-20 09:50:00,True,优化,24.675681764884587,21.010144830621144,90.0,20.30139629468194,78.55910819535197,27.5,165.461,152.52645874023438,113.47534942626953,0.0,39.051109313964844,2.8243182351154132,
2024-11-20 10:00:00,True,优化,24.675681764884587,21.04860841931871,90.0,20.30139629468194,78.01244162786945,27.5,163.92604,134.37066650390625,102.54627990722656,0.0,31.824386596679688,2.8243182351154132,
2024-11-20 10:10:00,True,优化,24.675681764884587,21.08257307846674,90.0,19.564315107806237,77.53771932989272,27.5,169.0101,135.34393310546875,101.5546646118164,0.0,33.789268493652344,2.8243182351154132,
2024-11-20 10:20:00,True,优化,24.675681764884587,21.12129163516888,90.0,19.30416888241342,76.9941478639567,27.5,149.32097,140.02427673339844,105.56672668457031,0.0,34.457550048828125,2.8243182351154132,
2024-11-20 10:30:00,True,优化,24.675681764884587,21.15837719550772,90.0,19.30416888241342,76.49315150661819,27.5,156.6716,134.8248291015625,105.59574127197266,0.0,29.229087829589844,2.8243182351154132,
2024-11-20 10:40:00,True,优化,24.675681764884587,21.196432398621955,90.0,19.000664845323776,75.94435274944694,27.5,167.03493,131.69808959960938,105.739501953125,0.0,25.958587646484375,2.8243182351154132,
2024-11-20 10:50:00,True,优化,24.675681764884587,21.24275113114332,90.0,19.781103843896304,75.31047253786825,27.5,164.65349,135.14166259765625,105.11415100097656,0.0,30.027511596679688,2.8243182351154132,
2024-11-20 11:00:00,True,优化,24.675681764884587,21.291912047154565,90.0,18.69716080823413,74.63257296632096,27.5,149.2794,134.78579711914062,102.09434509277344,0.0,32.69145202636719,2.8243182351154132,
2024-11-20 11:10:00,True,优化,24.675681764884587,21.33587928675158,90.0,18.523730206234966,74.01244903756358,27.5,150.41713,129.7110137939453,98.77651977539062,0.0,30.934494018554688,2.8243182351154132,
2024-11-20 11:20:00,True,优化,24.675681764884587,21.386139240435618,90.0,18.480372394538136,73.29699536029116,27.25,145.03651,131.693115234375,90.8655014038086,0.0,40.827613830566406,2.5743182351154132,
2024-11-20 11:30:00,True,优化,24.675681764884587,21.432677794140794,90.0,18.220226007948284,72.63807928519003,27.19642857142857,143.47456,130.3902130126953,91.43470001220703,0.0,38.95551300048828,2.5207468065439826,
2024-11-20 11:40:00,True,优化,24.675681764884587,21.463237920666806,90.0,17.743291207662438,72.2192751034131,27.184948979591837,133.87447,124.5000991821289,89.55467224121094,0.0,34.94542694091797,2.5092672147072506,
2024-11-20 11:50:00,True,优化,24.675681764884587,21.48849360710851,90.0,17.483144982269618,71.86945846888476,27.182489067055393,119.39843,119.00831604003906,87.36475372314453,0.0,31.64356231689453,2.506807302170806,
2024-11-20 12:00:00,True,优化,24.675681764884587,21.516268535766645,90.0,17.483144982269618,71.48091798513808,27.18196194294044,119.34194,113.84709167480469,83.8042984008789,0.0,30.04279327392578,2.506280178055853,
2024-11-20 12:10:00,True,优化,24.675681764884587,21.545293735796214,90.0,17.439787170572792,71.04952726403305,27.181848987772952,120.04886,114.93582153320312,82.63044738769531,0.0,32.30537414550781,2.506167222888365,
2024-11-20 12:20:00,True,优化,24.675681764884587,21.575081519466853,90.0,17.353071708376174,70.63579010807776,27.181824783094203,119.205414,117.88638305664062,83.24304962158203,0.0,34.643333435058594,2.5061430182096167,
2024-11-20 12:30:00,True,优化,24.675681764884587,21.603035116817697,90.0,16.6593483331973,70.23649717326143,27.18181959637733,120.95216,119.5262222290039,85.1104736328125,0.0,34.415748596191406,2.506137831492744,
2024-11-20 12:40:00,True,优化,24.675681764884587,21.60990498947395,90.0,16.572632871000682,69.9671991242809,27.181818484938,121.42037,118.10869598388672,83.98286437988281,0.0,34.125831604003906,2.506136720053412,
2024-11-20 12:50:00,True,优化,24.675681764884587,21.60990498947395,90.0,16.52927513990237,69.63723646410607,27.18181824677243,122.65854,116.73776245117188,83.37340545654297,0.0,33.364356994628906,2.506136481887843,
2024-11-20 13:00:00,False,保持,21.545,21.60990498947395,90.0,16.962852289688428,69.30823679339939,21.545,121.35521,116.12903594970703,116.12903594970703,-0.69,0.0,0.0,
2024-11-20 13:10:00,False,保持,21.702,21.60990498947395,90.0,16.312486605308603,68.98405207003333,21.702,135.22864,115.52896881103516,115.52896881103516,-0.64,0.0,0.0,
2024-11-20 13:20:00,False,保持,22.1785,21.60990498947395,90.0,16.6593483331973,68.64895408691146,22.1785,148.52759,122.52151489257812,122.52151489257812,-0.48,0.0,0.0,
2024-11-20 13:30:00,False,保持,22.5275,21.60982254799924,90.0,16.312486605308603,68.33889196731202,22.5275,145.7155,131.21389770507812,131.21389770507812,-0.38,0.0,0.0,
2024-11-20 13:40:00,False,保持,22.628857142857143,21.59900933854644,90.0,15.835551714349425,68.15497339655884,22.628857142857143,135.37172,129.34686279296875,129.34686279296875,-0.34,0.0,0.0,
2024-11-20 13:50:00,False,保持,22.770714285714284,21.580570565667962,90.0,15.835551714349425,68.02979283718072,22.770714285714284,137.11067,122.94823455810547,122.94823455810547,-0.3,0.0,0.0,
2024-11-20 14:00:00,True,优化,22.86414285714286,21.562035633817743,90.0,15.87890943537292,67.90364928833448,27.18181819573695,137.00937,121.5420150756836,81.11832427978516,0.0,40.42369079589844,4.317675338594089,
2024-11-20 14:10:00,True,优化,22.902619047619048,21.543047273856615,90.0,15.965624857270278,67.76691409710475,27.181818184800775,131.18901,120.1455307006836,79.4970932006836,0.0,40.6484375,4.2791991371817275,
2024-11-20 14:20:00,True,优化,22.920166666666667,21.523976540667032,90.0,15.965624857270278,67.61862365314045,27.18181818245731,122.94825,117.9162826538086,78.63199615478516,0.0,39.28428649902344,4.261651515790643,
2024-11-20 14:30:00,True,优化,22.743214285714284,21.505894968681467,90.0,15.965624857270278,67.50114638862439,27.181818181955137,123.38529,116.31676483154297,78.76459503173828,0.0,37.55216979980469,4.438603896240853,
2024-11-20 14:40:00,True,优化,22.722785714285713,21.499986890481416,90.0,16.139055721214625,67.42218621930161,27.18181818184753,122.32562,116.02604675292969,77.4310073852539,0.0,38.59503936767578,4.459032467561816,
2024-11-20 14:50:00,True,优化,22.845499999999998,21.499986890481416,90.0,16.00898258836859,67.36248583934136,27.18181818182447,119.91516,114.28815460205078,76.93018341064453,0.0,37.35797119140625,4.336318181824474,
2024-11-20 15:00:00,True,优化,22.871666666666666,21.499986890481416,90.0,16.139055721214625,67.29604391222128,27.18181818181953,122.63303,112.88116455078125,75.28510284423828,0.0,37.59606170654297,4.310151515152864,
2024-11-20 15:10:00,True,优化,22.886333333333333,21.499986890481416,90.0,16.48591748940258,67.21708374289848,27.18181818181847,160.04352,114.79340362548828,74.25273132324219,0.0,40.540672302246094,4.295484848485138,
2024-11-20 15:20:00,True,优化,22.965,21.499986890481416,90.0,16.05234029931727,67.16758943700471,27.181818181818244,155.42052,129.62982177734375,80.60990142822266,0.0,49.019920349121094,4.216818181818244,
2024-11-20 15:30:00,True,优化,22.993000000000002,21.499986890481416,90.0,15.792194003400745,67.09517709935882,27.181818181818194,142.65762,129.56614685058594,82.02928161621094,0.0,47.536865234375,4.188818181818192,
2024-11-20 15:40:00,True,优化,23.09,21.505675147497655,90.0,15.401974554488556,66.9522796447692,27.181818181818183,136.55038,124.84883117675781,78.4935302734375,0.0,46.35530090332031,4.091818181818184,
2024-11-20 15:50:00,True,优化,23.22714285714286,21.51457855378134,90.0,15.532047707484223,66.76547210561164,27.181818181818183,137.03133,121.27019500732422,77.03485107421875,0.0,44.23534393310547,3.954675324675325,
2024-11-20 16:00:00,True,优化,23.244285714285716,21.524745948933493,90.0,15.575405428507718,66.55940601885744,27.181818181818183,153.42783,119.7613296508789,75.49417114257812,0.0,44.26715850830078,3.937532467532467,
2024-11-20 16:10:00,True,优化,23.221071428571427,21.533292086078017,90.0,15.618763139456398,66.38222713261523,27.181818181818183,153.90631,125.00440216064453,76.59368896484375,0.0,48.41071319580078,3.960746753246756,
2024-11-20 16:20:00,True,优化,23.1785,21.544077792290494,90.0,15.792194003400745,66.15882847720064,27.181818181818183,134.61911,124.66874694824219,76.86998748779297,0.0,47.79875946044922,4.003318181818184,
2024-11-20 16:30:00,True,优化,23.13625,21.552211722061465,90.0,15.618763139456398,65.9835755698947,27.181818181818183,134.60954,118.29275512695312,75.12809753417969,0.0,43.16465759277344,4.045568181818183,
2024-11-20 16:40:00,True,优化,23.081625,21.575940262079666,90.0,16.05234029931727,65.80061998860963,27.181818181818183,136.83229,120.02618408203125,74.13455200195312,0.0,45.891632080078125,4.1001931818181845,
2024-11-20 16:50:00,True,优化,23.074839285714283,21.61729694597253,90.0,15.922267146321598,65.59262792291918,27.181818181818183,167.74113,120.5458755493164,74.53231811523438,0.0,46.01355743408203,4.1069788961039,
2024-11-20 17:00:00,True,优化,23.05128571428571,21.65258066871592,90.0,15.748836287414658,65.40196966765501,27.181818181818183,149.99312,125.42037200927734,100.9189224243164,0.0,24.501449584960938,4.130532467532472,
2024-11-20 17:10:00,True,优化,22.96,21.688551358251065,90.0,15.87890943537292,65.21323614956118,27.181818181818183,130.22496,123.69551086425781,99.37745666503906,0.0,24.31805419921875,4.221818181818183,
2024-11-20 17:20:00,True,优化,22.955000000000002,21.726583016407705,90.0,15.792194003400745,65.02065067359484,27.181818181818183,17.965458,115.92266082763672,83.37928771972656,0.0,32.543373107910156,4.226818181818182,
2024-11-20 17:30:00,True,优化,22.978199999999998,21.762031553854264,89.18289104957354,15.792194003400745,64.83962107124604,27.181818181818183,17.763584,36.0783576965332,30.004926681518555,0.0,6.073431015014648,4.203618181818186,
2024-11-20 17:40:00,True,优化,22.9663,21.83842463606639,89.03218223154232,14.621535696963434,64.50452308812417,27.181818181818183,17.915167,14.301567077636719,26.92042350769043,0.0,0.0,4.215518181818183,
2024-11-20 17:50:00,True,优化,23.035,21.95419584090146,88.14227830011617,14.448104853168715,64.03268929288961,27.181818181818183,16.541708,8.547478675842285,24.38406753540039,0.0,0.0,4.146818181818183,
2024-11-20 18:00:00,True,优化,23.072499999999998,22.0728798640992,87.2739067462396,14.404747122070408,63.54544890793093,27.181818181818183,15.509666,1.812906265258789,18.780174255371094,0.0,0.0,4.109318181818185,
2024-11-20 18:10:00,True,优化,23.0195,22.17785161110163,86.33616279154747,13.884454510087734,63.12368683974125,27.181818181818183,17.968292,3.090179443359375,15.424330711364746,0.0,0.0,4.162318181818183,
2024-11-20 18:20:00,True,优化,22.90375,22.285681238232343,85.51085064532529,13.147373323212033,62.67881550784834,27.181818181818183,17.744104,6.504870414733887,13.613689422607422,0.0,0.0,4.278068181818185,
2024-11-20 18:30:00,True,优化,22.86725,22.40098528892869,84.7333820873323,12.49700759853295,62.20794532296486,27.181818181818183,17.697353,7.654837608337402,13.567991256713867,0.0,0.0,4.314568181818185,
2024-11-20 18:40:00,True,优化,22.8035,22.478505001627138,84.12576085215112,11.933357336050486,61.89980856141873,27.181818181818183,17.67929,7.502413749694824,15.01362133026123,0.0,0.0,4.378318181818184,
2024-11-20 18:50:00,True,优化,22.844,22.539784323900832,83.40331571821258,11.933357336050486,61.640782400098225,27.181818181818183,17.778458,8.47624397277832,16.828948974609375,0.0,0.0,4.337818181818182,
2024-11-20 19:00:00,False,保持,22.78775,22.603234529653324,82.62584716021958,11.759926411657249,61.38656932346947,22.78775,17.70125,11.658038139343262,11.658038139343262,-0.29,0.0,0.0,
2024-11-20 19:10:00,False,保持,22.79775,22.670092185555188,82.00148129302676,11.456422374567603,61.13235748860665,22.79775,17.605625,11.90127944946289,11.90127944946289,-0.28,0.0,0.0,
2024-11-20 19:20:00,False,保持,22.7915,22.73464157400376,81.4345273752126,10.849414300388311,60.874293695871316,22.7915,16.26546,10.05710220336914,10.05710220336914,-0.28,0.0,0.0,
2024-11-20 19:30:00,False,保持,22.775,22.800455019567057,80.93933973098298,10.89277211208514,60.6066000084547,22.775,16.094042,8.90770149230957,8.90770149230957,-0.3,0.0,0.0,
2024-11-20 19:40:00,False,保持,22.716,22.835601328478223,80.38913222766206,10.719341187691903,60.49104872287489,22.716,17.8925,9.820328712463379,9.820328712463379,-0.31,0.0,0.0,
2024-11-20 19:50:00,False,保持,22.6255,22.863465557359586,79.6284100841623,10.242406548603093,60.423644427169634,22.6255,17.687084,12.97797966003418,12.97797966003418,-0.34,0.0,0.0,
2024-11-20 20:00:00,False,保持,22.6305,22.891659518016663,79.19781244265508,10.02561781251303,60.35816486863472,22.6305,17.590042,16.08290672302246,16.08290672302246,-0.34,0.0,0.0,
2024-11-20 20:10:00,False,保持,22.6985,22.918479545090243,78.70023449061966,9.722114097817457,60.29461253080197,22.6985,17.446959,16.582773208618164,16.582773208618164,-0.32,0.0,0.0,
2024-11-20 20:20:00,False,保持,22.740499999999997,22.949503916758406,78.13088848251815,9.678755963726555,60.22143029828794,22.740499999999997,17.696527,15.344287872314453,15.344287872314453,-0.31,0.0,0.0,
2024-11-20 20:30:00,False,保持,22.768,22.974785059052813,77.59742561120888,9.592040985121049,60.16622262741305,22.768,17.638681,15.66996955871582,15.66996955871582,-0.3,0.0,0.0,
2024-11-20 20:40:00,False,保持,22.7655,22.983880783279986,77.11180811061035,8.941674776850856,60.097533103984375,22.7655,17.51,15.010711669921875,15.010711669921875,-0.3,0.0,0.0,
2024-11-20 20:50:00,False,保持,22.740000000000002,22.983880783279986,76.67881837881576,8.768244174851691,60.040399454173226,22.740000000000002,15.33825,18.146282196044922,18.146282196044922,-0.31,0.0,0.0,
2024-11-20 21:00:00,False,保持,22.7085,22.983880783279986,76.12382491243851,8.768244174851691,59.9672172216592,22.7085,16.842278,20.97747802734375,20.97747802734375,-0.31,0.0,0.0,
2024-11-20 21:10:00,False,保持,22.702,22.983880783279986,75.52417849986965,8.941674776850856,59.909441578869306,22.702,17.560528,23.214506149291992,23.214506149291992,-0.32,0.0,0.0,
2024-11-20 21:20:00,False,保持,22.65025,22.983880783279986,74.99151418031056,8.768244174851691,59.84845721295156,22.65025,17.771376,22.776954650878906,22.776954650878906,-0.34,0.0,0.0,
2024-11-20 21:30:00,False,保持,22.56225,22.983935755637503,74.51386971984279,8.854959798245346,59.77784171058663,22.56225,17.700777,23.782455444335938,23.782455444335938,-0.37,0.0,0.0,
2024-11-20 21:40:00,False,保持,22.6009,22.989486598821518,74.10719476369094,8.638171062155283,59.714931365732625,22.6009,17.585083,21.079057693481445,21.079057693481445,-0.35,0.0,0.0,
2024-11-20 21:50:00,False,保持,22.6311,22.99880217835563,73.7435792151935,8.508097949458874,59.64945180719771,22.6311,17.427834,23.717742919921875,23.717742919921875,-0.34,0.0,0.0,
2024-11-20 22:00:00,False,保持,22.671,23.0078979025828,72.89673647390335,8.378024836762464,59.583973490428704,22.671,17.3315,26.915634155273438,26.915634155273438,-0.34,0.0,0.0,
2024-11-20 22:10:00,False,保持,22.6475,23.017021095927166,72.6623009308507,8.378024836762464,59.52427186870255,22.6475,16.270416,27.660398483276367,27.660398483276367,-0.34,0.0,0.0,
2024-11-20 22:20:00,False,保持,22.682,23.02718849107932,72.22213492819398,8.334666702671564,59.453015615124784,22.682,16.016125,25.701868057250977,25.701868057250977,-0.33,0.0,0.0,
2024-11-20 22:30:00,False,保持,22.6735,23.035926980290455,71.81785117108872,8.334666702671564,59.39331399339862,22.6735,17.770666,26.812328338623047,26.812328338623047,-0.34,0.0,0.0,
2024-11-20 22:40:00,False,保持,22.695999999999998,23.026831256063282,71.49968712053305,8.378024836762464,59.372129466865736,22.695999999999998,17.810333,25.208974838256836,25.208974838256836,-0.32,0.0,0.0,
2024-11-20 22:50:00,False,保持,22.698,23.00968404353985,71.11454186820842,7.987805498673237,59.372129466865736,22.698,17.879042,28.08637809753418,28.08637809753418,-0.32,0.0,0.0,
2024-11-20 23:00:00,False,保持,22.646,22.990310979445493,70.86335991066254,8.204593589975154,59.372129466865736,22.646,17.842209,32.825374603271484,32.825374603271484,-0.34,0.0,0.0,
2024-11-20 23:10:00,False,保持,22.6135,22.971267681249977,70.50931361455541,8.074520477278746,59.372129466865736,22.6135,17.579416,33.927207946777344,33.927207946777344,-0.35,0.0,0.0,
2024-11-20 23:20:00,False,保持,22.6755,22.954038027251833,70.20311090667744,8.031162987975993,59.372129466865736,22.6755,18.032042,33.16716766357422,33.16716766357422,-0.33,0.0,0.0,
2024-11-20 23:30:00,False,保持,22.753,22.934747404632187,69.7964350592848,7.727658628492272,59.372129466865736,22.753,18.059668,34.76415252685547,34.76415252685547,-0.31,0.0,0.0,
2024-11-20 23:40:00,False,保持,22.7075,22.923370890599703,69.40411353609804,7.640943649886763,59.41449851993151,22.7075,23.692333,31.27557373046875,31.27557373046875,-0.31,0.0,0.0,
2024-11-20 23:50:00,False,保持,22.451,22.914165255780624,69.08116530496761,7.944447364582337,59.476124878828,22.451,37.762665,39.45225524902344,39.45225524902344,-0.4,0.0,0.0,
2024-11-21 00:00:00,False,保持,22.211000000000002,22.904437502996092,68.68645080025267,7.987805498673237,59.54545639523543,22.211000000000002,37.69254,54.76953125,54.76953125,-0.47,0.0,0.0,
2024-11-21 00:10:00,False,保持,21.9865,22.89597380732628,68.38503227294946,7.814374251885927,59.60708275413193,21.9865,21.247875,56.40272521972656,56.40272521972656,-0.54,0.0,0.0,
2024-11-21 00:20:00,False,保持,21.7855,22.885998764240743,67.99510284005007,7.510870537190355,59.68219096558221,21.7855,18.850876,43.81241226196289,43.81241226196289,-0.61,0.0,0.0,
2024-11-21 00:30:00,False,保持,21.666999999999998,22.87698548148828,67.91855238589076,7.29408180110029,59.73804062943586,21.666999999999998,18.7085,42.92082977294922,42.92082977294922,-0.64,0.0,0.0,
2024-11-21 00:40:00,False,保持,21.578,22.868521785818466,67.48077758228062,7.4675124030994535,59.884406336229816,21.578,18.853,37.985015869140625,37.985015869140625,-0.67,0.0,0.0,
2024-11-21 00:50:00,False,保持,21.55725,22.859013854217743,67.12194710559874,7.29408180110029,60.080842528302746,21.55725,18.709917,39.505393981933594,39.505393981933594,-0.69,0.0,0.0,
2024-11-21 01:00:00,False,保持,21.50525,22.84946473600279,66.85162753451303,7.554228026493108,60.267650067460316,21.50525,18.234625,43.646541595458984,43.646541595458984,-0.7,0.0,0.0,
2024-11-21 01:10:00,False,保持,21.432000000000002,22.840286570300908,66.41863780271844,7.510870537190355,60.46023554342665,21.432000000000002,26.476084,44.50483322143555,44.50483322143555,-0.73,0.0,0.0,
2024-11-21 01:20:00,False,保持,21.3805,22.83101224562728,65.91866597791406,7.727658628492272,60.658597714435835,21.3805,59.977413,56.71120834350586,56.71120834350586,-0.74,0.0,0.0,
2024-11-21 01:30:00,False,保持,21.368000000000002,22.820982230184228,60.5505511201409,7.814374251885927,60.8704417379988,21.368000000000002,58.497704,101.68292236328125,101.68292236328125,-0.74,0.0,0.0,
2024-11-21 01:40:00,False,保持,21.356,22.79495911461743,57.14404687231366,7.727658628492272,61.2132436368657,21.356,55.67075,95.20958709716797,95.20958709716797,-0.74,0.0,0.0,
2024-11-21 01:50:00,False,保持,21.291,22.7596754089356,57.85214048109945,7.684301139189518,61.63693044222571,21.291,61.44579,95.00049591064453,95.00049591064453,-0.77,0.0,0.0,
2024-11-21 02:00:00,False,保持,21.255000000000003,22.72318261849657,57.22538194570529,8.291309213368809,62.09335640597023,21.255000000000003,108.45008,102.29109191894531,102.29109191894531,-0.77,0.0,0.0,
2024-11-21 02:10:00,False,保持,21.206,22.684931122094554,58.94537955109444,8.681528551458037,62.56133824333229,21.206,196.62413,137.30108642578125,137.30108642578125,-0.8,0.0,0.0,
2024-11-21 02:20:00,False,保持,21.192,22.64591021742608,62.234665567849326,9.678755963726555,63.03702399643936,21.192,242.6612,189.2272491455078,189.2272491455078,-0.8,0.0,0.0,
2024-11-21 02:30:00,False,保持,21.1595,22.610296762906973,65.72848588765952,9.982260323210276,63.48285893868335,21.1595,194.39464,215.91439819335938,215.91439819335938,-0.8,0.0,0.0,
2024-11-21 02:40:00,False,保持,21.098,22.57539777415455,69.7210806502692,11.629853298960839,63.983579934429905,21.098,181.57275,201.19793701171875,201.19793701171875,-0.83,0.0,0.0,
2024-11-21 02:50:00,False,保持,21.070666666666664,22.536321903526645,73.04983916470351,11.846642035050904,64.60466654221393,21.070666666666664,175.50233,190.8420867919922,190.8420867919922,-0.83,0.0,0.0,
2024-11-21 03:00:00,False,保持,21.001833333333334,22.50123056137467,75.71475786599929,13.450877360301678,65.15160854889878,21.001833333333334,174.61195,186.2823486328125,186.2823486328125,-0.86,0.0,0.0,
2024-11-21 03:10:00,False,保持,20.955000000000002,22.46550719119851,77.88927488612178,13.971169972284352,65.7197350821165,20.955000000000002,159.88075,183.83169555664062,183.83169555664062,-0.87,0.0,0.0,
2024-11-21 03:20:00,False,保持,20.921,22.429728862260763,79.20977467657356,14.491462503668506,66.28593439463206,20.921,157.84642,176.43540954589844,176.43540954589844,-0.89,0.0,0.0,
2024-11-21 03:30:00,False,保持,20.894,22.392851350626938,80.17144131662107,15.05511284674949,66.86368958076514,20.894,158.93253,174.36117553710938,174.36117553710938,-0.89,0.0,0.0,
2024-11-21 03:40:00,False,保持,20.875666666666667,22.35969273092215,81.97117910607784,15.358616843539876,67.5338855470089,20.875666666666667,171.54181,170.343017578125,170.343017578125,-0.9,0.0,0.0,
2024-11-21 03:50:00,False,保持,20.832,22.33391236728047,81.98274206412123,15.532047707484223,68.13571484896221,20.832,167.77158,172.50759887695312,172.50759887695312,-0.92,0.0,0.0,
2024-11-21 04:00:00,False,保持,20.858833333333333,22.306799239607955,81.93569524516066,15.922267146321598,68.77317103593849,20.858833333333333,166.22105,171.49969482421875,171.49969482421875,-0.9,0.0,0.0,
2024-11-21 04:10:00,False,保持,20.833,22.275843574855905,82.46556998103885,16.182413452312936,69.49632831851446,20.833,161.22446,170.9038848876953,170.9038848876953,-0.92,0.0,0.0,
2024-11-21 04:20:00,False,保持,20.828,22.249902900763814,82.83875389068581,16.572632871000682,70.09911998905294,20.828,151.37509,168.70339965820312,168.70339965820312,-0.92,0.0,0.0,
2024-11-21 04:30:00,False,保持,20.818,22.22371491930916,82.86746075661594,16.702706064295608,70.70768835463427,20.818,156.73645,164.8340301513672,164.8340301513672,-0.92,0.0,0.0,
2024-11-21 04:40:00,False,保持,20.764000000000003,22.197994083462444,82.74306493174589,17.049567751885046,71.1544862863464,20.764000000000003,155.49191,134.28590393066406,134.28590393066406,-0.93,0.0,0.0,
2024-11-21 04:50:00,False,保持,20.7285,22.168673445399747,83.27413571276779,17.396429520073,71.55891454410978,20.7285,151.12079,151.0070037841797,151.0070037841797,-0.95,0.0,0.0,
2024-11-21 05:00:00,False,保持,20.7425,22.141386306841355,83.9423595393652,17.61321809496603,71.95307215597906,20.7425,140.5808,155.08734130859375,155.08734130859375,-0.93,0.0,0.0,
2024-11-21 05:10:00,False,保持,20.696,22.11453881065058,84.16802349053692,17.65657574546582,72.34337843085878,20.696,161.77908,154.91014099121094,154.91014099121094,-0.96,0.0,0.0,
2024-11-21 05:20:00,False,保持,20.674500000000002,22.086784492361122,84.20709726936676,17.483144982269618,72.72598078999349,20.674500000000002,165.99933,165.06320190429688,165.06320190429688,-0.96,0.0,0.0,
2024-11-21 05:30:00,False,保持,20.65,22.059057677311984,84.34823772624844,17.179640945179973,73.10922483166546,20.65,137.14325,168.60433959960938,168.60433959960938,-0.97,0.0,0.0,
2024-11-21 05:40:00,False,保持,20.657999999999998,22.033584148827835,84.44870908328153,17.179640945179973,73.53676390533947,20.657999999999998,90.199165,134.3221893310547,134.3221893310547,-0.96,0.0,0.0,
2024-11-21 05:50:00,False,保持,20.6255,22.004153600173233,85.49649632111944,17.353071708376174,74.08177962264658,20.6255,86.61146,116.061279296875,116.061279296875,-0.98,0.0,0.0,
2024-11-21 06:00:00,False,保持,20.625,21.976564164833196,85.45582900375241,16.78942144589371,74.60946277129331,20.625,88.16625,114.44589233398438,114.44589233398438,-0.98,0.0,0.0,
2024-11-21 06:10:00,False,保持,20.5945,21.9484526115277,85.0348015058763,16.919494639188635,75.13714591994002,20.5945,81.553955,123.28189849853516,123.28189849853516,-0.99,0.0,0.0,
2024-11-21 06:20:00,False,保持,20.580000000000002,21.91882971080648,78.8054918107091,16.6593483331973,75.67831014503685,20.580000000000002,108.651955,127.78300476074219,127.78300476074219,-0.99,0.0,0.0,
2024-11-21 06:30:00,False,保持,20.55,21.893685948221176,73.35364889105331,14.88168200295477,76.15784707991273,20.55,186.59271,144.50372314453125,144.50372314453125,-1.0,0.0,0.0,
2024-11-21 06:40:00,False,保持,20.526,21.88470010046278,70.06436254008312,15.488689996535545,76.46213157314487,20.526,188.63342,183.60243225097656,183.60243225097656,-1.02,0.0,0.0,
2024-11-21 06:50:00,False,保持,20.5475,21.88470010046278,65.78709477342268,14.794966540758152,76.73560242126655,20.5475,170.33786,181.51956176757812,181.51956176757812,-1.0,0.0,0.0,
2024-11-21 07:00:00,False,保持,20.5295,21.88470010046278,62.11266317012785,15.01175511565118,76.99559227054851,20.5295,160.293,173.5297088623047,173.5297088623047,-1.02,0.0,0.0,
2024-11-21 07:10:00,False,保持,20.552,21.88470010046278,60.4094108860694,15.358616843539876,77.25750802115637,20.552,164.3312,169.2906951904297,169.2906951904297,-1.0,0.0,0.0,
2024-11-21 07:20:00,False,保持,20.51525,21.88470010046278,59.76829905000373,15.271901421642516,77.52134959547973,20.51525,164.58691,170.61683654785156,170.61683654785156,-1.02,0.0,0.0,
2024-11-21 07:30:00,False,保持,20.51275,21.88502986636162,58.8951432041473,15.141828268646847,77.78326534608757,20.51275,189.06479,172.74407958984375,172.74407958984375,-1.02,0.0,0.0,
2024-11-21 07:40:00,False,保持,20.484,21.895554530652934,58.67984449479879,14.925039653454562,77.82563408871188,20.484,178.62679,177.05006408691406,177.05006408691406,-1.02,0.0,0.0,
2024-11-21 07:50:00,False,保持,20.4495,21.913800917341668,59.21091460739009,15.185185999745157,77.754377602303,20.4495,169.35611,171.32937622070312,171.32937622070312,-1.03,0.0,0.0,
2024-11-21 08:00:00,False,保持,20.569499999999998,21.933091574084443,58.33775865012856,15.705478571428571,77.68889866465103,20.569499999999998,154.35362,168.01077270507812,168.01077270507812,-0.99,0.0,0.0,
2024-11-21 08:10:00,False,保持,20.7165,21.951557781956986,57.12251700137881,15.87890943537292,77.62534558951977,20.7165,156.06,161.81573486328125,161.81573486328125,-0.95,0.0,0.0,
2024-11-21 08:20:00,False,保持,20.744,21.970573611035306,56.38332468703698,16.00898258836859,77.56371833810402,20.744,159.33463,161.55287170410156,161.55287170410156,-0.93,0.0,0.0,
2024-11-21 08:30:00,False,保持,20.752000000000002,21.987583443849644,56.38571688872946,16.225771143111984,77.49246185169515,20.752000000000002,154.70354,163.49530029296875,163.49530029296875,-0.93,0.0,0.0,
2024-11-21 08:40:00,False,保持,20.7505,21.929629134515995,56.684742935827444,15.618763139456398,77.3114318612945,20.7505,149.18704,156.92283630371094,156.92283630371094,-0.93,0.0,0.0,
2024-11-21 08:50:00,False,保持,21.039,21.831224997511296,57.208636492081034,16.139055721214625,77.06877465828327,21.039,146.47414,154.7209014892578,154.7209014892578,-0.85,0.0,0.0,
2024-11-21 09:00:00,True,优化,21.2795,21.724714365729692,58.526743140859814,15.792194003400745,76.78952626140469,27.181818181818183,147.73944,153.63880920410156,99.83181762695312,0.0,53.80699157714844,5.902318181818185,
2024-11-21 09:10:00,True,优化,21.549,21.622957767994706,59.27311207420471,16.095698030415576,76.52761051079683,27.181818181818183,148.09314,154.9345703125,98.5634765625,0.0,56.37109375,5.632818181818184,
2024-11-21 09:20:00,True,优化,21.7025,21.52337194710374,60.201288781798326,16.269128874210296,76.27917568141834,27.181818181818183,153.24155,156.2595672607422,99.34734344482422,0.0,56.91222381591797,5.479318181818183,
2024-11-21 09:30:00,True,优化,21.881,21.424445726256714,61.36270587854169,16.225771143111984,76.01244529391133,27.181818181818183,201.25238,160.4817352294922,104.44471740722656,0.0,56.037017822265625,5.300818181818183,
2024-11-21 09:40:00,True,优化,21.997999999999998,21.406611478695275,61.381843492081515,16.05234029931727,75.54831510398031,27.181818181818183,171.96396,174.3205108642578,116.73289489746094,0.0,57.587615966796875,5.183818181818186,
2024-11-21 09:50:00,True,优化,22.080000000000002,21.436216089420448,61.40775899184917,15.532047707484223,74.8508362987885,27.181818181818183,157.4932,162.53672790527344,108.36412811279297,0.0,54.17259979248047,5.101818181818182,
2024-11-21 10:00:00,True,优化,22.119999999999997,21.4626330541185,62.7888604824764,16.572632871000682,74.24676095273398,27.181818181818183,158.43716,155.7510528564453,100.70171356201172,0.0,55.049339294433594,5.061818181818186,
2024-11-21 10:10:00,True,优化,22.173000000000002,21.49308951458484,64.73930753558477,17.396429520073,73.53483792640321,27.181818181818183,159.51382,154.37539672851562,97.71206665039062,0.0,56.663330078125,5.008818181818182,
2024-11-21 10:20:00,True,优化,22.213500000000003,21.51757381361872,66.15549450249488,17.699933557162645,72.95323078239761,27.181818181818183,161.0077,153.02635192871094,96.30111694335938,0.0,56.72523498535156,4.96831818181818,
2024-11-21 10:30:00,True,优化,22.321,21.54681201020671,68.0453394098074,17.873364320358846,72.28303481615387,27.181818181818183,176.16817,153.1439971923828,96.92436218261719,0.0,56.219635009765625,4.860818181818182,
2024-11-21 10:40:00,True,优化,22.3745,21.58349716977392,69.7868666981353,18.003437433055254,71.64557800829463,27.181818181818183,172.84892,153.0038299560547,98.52613830566406,0.0,54.477691650390625,4.807318181818182,
2024-11-21 10:50:00,True,优化,22.3975,21.628096437928296,71.25089814451536,18.39365693234152,70.96190081038006,27.181818181818183,166.27913,149.82659912109375,94.46577453613281,0.0,55.36082458496094,4.784318181818183,
2024-11-21 11:00:00,True,优化,22.392500000000002,21.675938222097926,72.43743374894758,18.220226007948284,70.21659663268603,27.181818181818183,159.06334,145.9943084716797,89.96530151367188,0.0,56.02900695800781,4.789318181818182,
2024-11-21 11:10:00,True,优化,22.443,21.72251601739909,73.61918339032346,18.43701458284131,69.50595759231277,27.181818181818183,160.14967,141.85964965820312,86.150390625,0.0,55.709259033203125,4.738818181818182,
2024-11-21 11:20:00,True,优化,22.47233333333333,21.77094410513597,74.71003003581578,19.000664845323776,68.75102414082043,27.181818181818183,151.43835,140.888427734375,85.08319091796875,0.0,55.80523681640625,4.709484848484852,
2024-11-21 11:30:00,True,优化,22.531166666666667,21.819152303442788,75.3128670904222,17.960079782555464,68.00957130011597,27.181818181818183,137.59116,138.20053100585938,85.25518035888672,0.0,52.945350646972656,4.650651515151516,
2024-11-21 11:40:00,True,优化,22.531,21.859070902273487,75.9412203689212,17.61321809496603,67.3592758744476,27.181818181818183,125.28409,129.9612274169922,82.26406860351562,0.0,47.69715881347656,4.650818181818185,
2024-11-21 11:50:00,True,优化,22.494999999999997,21.905025814015314,76.56239737655804,17.396429520073,66.57609659453907,27.181818181818183,126.65991,124.0132064819336,77.96955871582031,0.0,46.04364776611328,4.686818181818186,
2024-11-21 12:00:00,True,优化,22.434,21.94993648982623,76.85823406277711,17.830006669859056,65.81987853620626,27.181818181818183,126.66062,123.5865478515625,75.09318542480469,0.0,48.49336242675781,4.747818181818182,
2024-11-21 12:10:00,True,优化,22.3145,21.99536013860458,75.65255995356426,16.962852289688428,65.06879642170348,27.181818181818183,118.68549,121.33474731445312,72.31488800048828,0.0,49.019859313964844,4.8673181818181845,
2024-11-21 12:20:00,True,优化,22.208,22.044246192828247,76.56877687815158,17.26635640737659,64.24645805362292,27.181818181818183,120.53118,117.56871032714844,71.14566040039062,0.0,46.42304992675781,4.973818181818185,
2024-11-21 12:30:00,True,优化,22.173,22.090127842216514,77.09187283656115,17.136283133483147,63.463920766693136,27.181818181818183,123.451164,119.78345489501953,74.21541595458984,0.0,45.56803894042969,5.008818181818185,
2024-11-21 12:40:00,True,优化,21.979000000000003,22.132693610866582,77.51529420720622,16.6593483331973,62.82582196585514,27.181818181818183,121.38094,120.24121856689453,73.54652404785156,0.0,46.69469451904297,5.202818181818181,
2024-11-21 12:50:00,True,优化,21.851,22.178776757319486,77.64447243016944,16.48591748940258,62.19157512288966,27.181818181818183,122.24098,118.76199340820312,71.88365936279297,0.0,46.878334045410156,5.330818181818184,
2024-11-21 13:00:00,False,保持,21.8855,22.224044685208,77.81392047710618,16.05234029931727,61.553155946445244,21.8855,121.936676,117.36009216308594,117.36009216308594,-0.58,0.0,0.0,
2024-11-21 13:10:00,False,保持,22.003,22.271243504358086,77.39145629907236,16.225771143111984,60.88527090657182,22.003,123.556656,115.2398452758789,115.2398452758789,-0.54,0.0,0.0,
2024-11-21 13:20:00,False,保持,22.0405,22.318759242049712,77.27033132791122,16.00898258836859,60.21334143510886,22.0405,122.30768,114.75299072265625,114.75299072265625,-0.53,0.0,0.0,
2024-11-21 13:30:00,False,保持,22.023500000000002,22.36335666755523,77.4762204283764,15.87890943537292,59.60323203802534,22.023500000000002,121.69119,109.29487609863281,109.29487609863281,-0.54,0.0,0.0,
2024-11-21 13:40:00,False,保持,22.0455,22.39600233135415,77.49615570242561,15.662120855442485,59.01777293614723,22.0455,120.6268,109.52648162841797,109.52648162841797,-0.53,0.0,0.0,
2024-11-21 13:50:00,False,保持,21.9815,22.423252855797326,77.36617892771221,15.662120855442485,58.45927629761078,21.9815,122.849075,130.82154846191406,130.82154846191406,-0.54,0.0,0.0,
2024-11-21 14:00:00,True,优化,22.063,22.451794910737807,76.52571747049717,15.618763139456398,57.84685597415694,27.181818181818183,123.61195,125.10922241210938,91.83658599853516,0.0,33.27263641357422,5.118818181818185,
2024-11-21 14:10:00,True,优化,22.195,22.480538486202576,76.88933301899462,16.095698030415576,57.242138324682195,27.181818181818183,123.052376,121.9253921508789,82.11228942871094,0.0,39.81310272216797,4.986818181818183,
2024-11-21 14:20:00,True,优化,22.18,22.50741345257689,77.0328655661637,15.618763139456398,56.67401303323038,27.181818181818183,140.07716,117.49847412109375,73.78668975830078,0.0,43.71178436279297,5.001818181818184,
2024-11-21 14:30:00,True,优化,22.1845,22.536074587633298,77.0424339273132,15.315259112441566,56.08855268958636,27.181818181818183,176.1887,120.96543884277344,72.27484130859375,0.0,48.69059753417969,4.9973181818181835,
2024-11-21 14:40:00,True,优化,22.198500000000003,22.555722443136283,77.50891470561268,15.705478571428571,55.70723617905803,27.181818181818183,152.79103,136.80099487304688,79.7672119140625,0.0,57.033782958984375,4.983318181818181,
2024-11-21 14:50:00,True,优化,22.217,22.57402380218253,77.79119561937608,15.618763139456398,55.37983962814935,27.181818181818183,135.74783,128.17054748535156,72.80915832519531,0.0,55.36138916015625,4.964818181818185,
2024-11-21 15:00:00,True,优化,22.261,22.592544990943374,77.98735593534907,15.662120855442485,55.06400143439002,27.181818181818183,136.58685,118.78202819824219,64.87857055664062,0.0,53.90345764160156,4.920818181818184,
2024-11-21 15:10:00,True,优化,22.2635,22.61167073914438,77.89405906669654,15.835551714349425,54.72601510374673,27.181818181818183,136.04286,115.4295425415039,63.06821060180664,0.0,52.361331939697266,4.918318181818183,
2024-11-21 15:20:00,True,优化,22.2805,22.629175186683852,77.17879020362014,15.922267146321598,54.41595112149842,27.181818181818183,138.31697,112.93016052246094,63.677486419677734,0.0,49.2526741027832,4.9013181818181835,
2024-11-21 15:30:00,True,优化,22.2845,22.648163538114197,77.57828888890984,15.445332285586865,54.085668706600146,27.181818181818183,124.8055,115.09564208984375,67.79791259765625,0.0,47.2977294921875,4.897318181818182,
2024-11-21 15:40:00,True,优化,22.254749999999998,22.670669258816595,77.6380929285759,14.838324271856461,53.78908781867155,27.181818181818183,174.80037,113.38106536865234,62.56693649291992,0.0,50.81412887573242,4.927068181818186,
2024-11-21 15:50:00,True,优化,22.267,22.698368604748538,77.36059797786886,14.96839738455287,53.46361848846503,27.181818181818183,150.9855,134.90162658691406,74.24749755859375,0.0,60.65412902832031,4.914818181818184,
2024-11-21 16:00:00,True,优化,22.24425,22.727414466331474,77.03525765645107,14.96839738455287,53.120816589598135,27.181818181818183,141.48817,124.2542495727539,65.26252746582031,0.0,58.991722106933594,4.9375681818181825,
2024-11-21 16:10:00,True,优化,22.27583333333333,22.754042107215312,77.19553483563179,14.88168200295477,52.81845900662668,27.181818181818183,135.6005,114.47824096679688,60.345787048339844,0.0,54.13245391845703,4.905984848484852,
2024-11-21 16:20:00,True,优化,22.389166666666668,22.784654288571488,77.0424339273132,14.88168200295477,52.46410123414226,27.181818181818183,136.14238,108.29641723632812,59.565635681152344,0.0,48.73078155517578,4.792651515151515,
2024-11-21 16:30:00,True,优化,22.464000000000002,22.80891871523687,77.00176660994617,15.228543690544207,52.17137230408616,27.181818181818183,136.62476,109.02435302734375,62.291378021240234,0.0,46.732975006103516,4.717818181818181,
2024-11-21 16:40:00,True,优化,22.5415,22.830325244712405,77.14529915711525,16.182413452312936,51.93256581718154,27.181818181818183,132.40947,114.86587524414062,61.13901138305664,0.0,53.726863861083984,4.640318181818184,
2024-11-21 16:50:00,True,优化,22.625999999999998,22.848956369657497,76.89650928985675,15.87890943537292,51.73035168829985,27.181818181818183,122.92062,113.47766876220703,58.741905212402344,0.0,54.73576354980469,4.555818181818186,
2024-11-21 17:00:00,True,优化,22.683,22.86717528722904,76.87976287536351,15.835551714349425,51.545470128078534,27.181818181818183,124.151,106.66773223876953,53.433815002441406,0.0,53.233917236328125,4.498818181818184,
2024-11-21 17:10:00,True,优化,22.695,22.88635599925678,77.14529915711525,15.575405428507718,51.35673660998471,27.181818181818183,195.72525,101.85581970214844,51.81230926513672,0.0,50.04351043701172,4.486818181818183,
2024-11-21 17:20:00,True,优化,22.725,22.905784001585523,77.17400424056379,15.271901421642516,51.137189912442636,27.181818181818183,159.32613,129.3807830810547,71.98775482177734,0.0,57.393028259277344,4.456818181818182,
2024-11-21 17:30:00,True,优化,22.714499999999997,22.922546509975728,76.98502019545293,15.01175511565118,50.9696409208817,27.181818181818183,57.410416,113.43549346923828,106.53500366210938,0.0,6.900489807128906,4.467318181818186,
2024-11-21 17:40:00,True,优化,22.713,22.933950493125405,76.29606432553771,15.141828268646847,50.82327645585366,27.181818181818183,16.278208,52.01256561279297,42.36148452758789,0.0,9.651081085205078,4.4688181818181825,
2024-11-21 17:50:00,True,优化,22.7395,22.94359580443523,76.5137552365787,15.09847053754854,50.69617178018816,27.181818181818183,16.814417,3.9606008529663086,13.10063648223877,0.0,0.0,4.442318181818184,
2024-11-21 18:00:00,True,优化,22.746666666666666,22.95275564601794,75.87902245648617,14.491462503668506,50.57355733007617,27.181818181818183,18.307583,0.0,9.18075180053711,0.0,0.0,4.435151515151517,
2024-11-21 18:10:00,True,优化,22.75433333333333,22.961970459958167,74.91177308411372,13.711023585694496,50.439389489878494,28.0,18.206291,0.0,9.35079574584961,0.0,0.0,5.2456666666666685,
2024-11-21 18:20:00,True,优化,22.75,22.971624916266013,74.24594313028526,13.19073113490886,50.29559299676545,28.0,17.970417,0.0,105.24977478939053,0.0,0.0,5.25,
2024-11-21 18:30:00,True,优化,22.755000000000003,22.9807756128507,73.47086666257964,12.713796334623014,50.17234027897246,28.0,17.961916,0.0,105.24977478939053,0.0,0.0,5.244999999999997,
2024-11-21 18:40:00,True,优化,22.701,22.983880783279986,72.73885138501,12.49700759853295,50.128044005204515,28.0,18.016459,0.0,105.24977478939053,0.0,0.0,5.2989999999999995,
2024-11-21 18:50:00,True,优化,22.674,22.983880783279986,72.19582015255122,12.106788260443722,50.128044005204515,28.0,17.893208,0.0,105.24977478939053,0.0,0.0,5.3260000000000005,
2024-11-21 19:00:00,False,保持,22.679,22.983880783279986,71.56666921354284,11.282991450174368,50.128044005204515,22.679,15.943874,0.0,0.0,-0.33,0.0,0.0,
2024-11-21 19:10:00,False,保持,22.7075,22.983880783279986,70.96144095988983,11.239633960871613,50.128044005204515,22.7075,16.662832,0.0,0.0,-0.31,0.0,0.0,
2024-11-21 19:20:00,False,保持,22.7275,22.983880783279986,70.35381972470866,10.89277211208514,50.128044005204515,22.7275,17.913042,0.0,0.0,-0.31,0.0,0.0,
2024-11-21 19:30:00,False,保持,22.6498,22.983880783279986,69.86102506200722,10.806056811085558,50.128044005204515,22.6498,18.014097,0.0,0.0,-0.34,0.0,0.0,
2024-11-21 19:40:00,False,保持,22.606033333333336,22.983880783279986,69.31799382954843,10.76269899938873,50.19480630793102,22.606033333333336,17.962152,0.0,0.0,-0.35,0.0,0.0,
2024-11-21 19:50:00,False,保持,22.564166666666665,22.983880783279986,68.93524066751117,10.329121849602675,50.33090136883088,22.564166666666665,17.780582,0.0,0.0,-0.37,0.0,0.0,
2024-11-21 20:00:00,False,保持,22.533333333333335,22.983880783279986,68.43766093299418,9.982260323210276,50.47084590407141,22.533333333333335,18.118458,2.4371585845947266,2.4371585845947266,-0.37,0.0,0.0,
2024-11-21 20:10:00,False,保持,22.410166666666665,22.983880783279986,68.00945627301513,9.76547158712021,50.601805021141246,22.410166666666665,17.939249,1.874013900756836,1.874013900756836,-0.41,0.0,0.0,
2024-11-21 20:20:00,False,保持,22.4285,22.983880783279986,67.59321206447298,9.505325361727394,50.73276165467925,22.4285,15.736805,0.06099889799952507,0.06099889799952507,-0.41,0.0,0.0,
2024-11-21 20:30:00,False,保持,22.432499999999997,22.983697576211394,67.22241935387261,9.505325361727394,50.87013821800478,22.432499999999997,16.689632,0.8938236236572266,0.8938236236572266,-0.41,0.0,0.0,
2024-11-21 20:40:00,False,保持,22.483,22.97168446112254,66.65307423701186,8.421382326065219,51.073959191982226,22.483,17.957666,0.0,0.0,-0.38,0.0,0.0,
2024-11-21 20:50:00,False,保持,22.509,22.954120468726543,66.18061323299393,8.378024836762464,51.32303508301504,22.509,18.084105,3.8290205001831055,3.8290205001831055,-0.38,0.0,0.0,
2024-11-21 21:00:00,False,保持,22.5035,22.93583286130045,65.79068290885374,8.594812928064382,51.57821052822895,22.5035,17.859917,8.66717529296875,8.66717529296875,-0.38,0.0,0.0,
2024-11-21 21:10:00,False,保持,22.532,22.91696816355139,65.42347922492525,8.508097949458874,51.84205101600715,22.532,17.741625,8.706073760986328,8.706073760986328,-0.37,0.0,0.0,
2024-11-21 21:20:00,False,保持,22.5445,22.899381274537213,65.0718241278647,8.247951724066056,52.08856141865678,22.5445,17.723917,7.270341873168945,7.270341873168945,-0.37,0.0,0.0,
2024-11-21 21:30:00,False,保持,22.477,22.880557797525505,64.57902946516325,8.464739815367974,52.34662521139212,22.477,17.363848,9.839831352233887,9.839831352233887,-0.4,0.0,0.0,
2024-11-21 21:40:00,False,保持,22.417,22.85731012061228,64.32784750761738,8.551455438761629,52.7106116367919,22.417,15.577194,5.3436126708984375,5.3436126708984375,-0.41,0.0,0.0,
2024-11-21 21:50:00,False,保持,22.4375,22.827412426349735,63.89964240201793,8.074520477278746,53.19785077998467,22.4375,17.354403,8.974202156066895,8.974202156066895,-0.41,0.0,0.0,
2024-11-21 22:00:00,False,保持,22.459,22.800116108670192,63.51928133026805,7.944447364582337,53.654919978473856,22.459,18.079971,14.197174072265625,14.197174072265625,-0.4,0.0,0.0,
2024-11-21 22:10:00,False,保持,22.4405,22.77303961217446,63.10542921201328,7.901089875279582,54.09465660830267,22.4405,18.02425,15.339347839355469,15.339347839355469,-0.41,0.0,0.0,
2024-11-21 22:20:00,False,保持,22.458000000000002,22.74530363506574,62.74181366351584,7.727658628492272,54.53952669842966,22.458000000000002,17.780582,14.867273330688477,14.867273330688477,-0.4,0.0,0.0,
2024-11-21 22:30:00,False,保持,22.53,22.71815385915488,62.35188378499604,8.204593589975154,54.99916386883386,22.53,17.827333,18.441692352294922,18.441692352294922,-0.37,0.0,0.0,
2024-11-21 22:40:00,False,保持,22.500999999999998,22.686360062158695,62.014582566520964,7.901089875279582,55.50117009230383,22.500999999999998,18.102167,13.51386547088623,13.51386547088623,-0.38,0.0,0.0,
2024-11-21 22:50:00,False,保持,22.5035,22.649427595228914,61.67967343833326,7.814374251885927,56.078924036671,22.5035,16.19675,18.022964477539062,18.022964477539062,-0.38,0.0,0.0,
2024-11-21 23:00:00,False,保持,22.418,22.613346986571088,61.29692027629599,7.987805498673237,56.63934789590962,22.418,15.938916,21.697216033935547,21.697216033935547,-0.41,0.0,0.0,
2024-11-21 23:10:00,False,保持,22.4865,22.571303327355697,60.97875622574034,7.944447364582337,57.3114685993237,22.4865,18.071,23.968549728393555,23.968549728393555,-0.38,0.0,0.0,
2024-11-21 23:20:00,False,保持,22.483,22.537531003212717,60.73475120748719,7.554228026493108,57.843004016284425,22.483,17.963192,25.751039505004883,25.751039505004883,-0.38,0.0,0.0,
2024-11-21 23:30:00,False,保持,22.478,22.49954331883665,60.49696571310531,7.857732385976828,58.44463960275479,22.478,17.79324,30.215009689331055,30.215009689331055,-0.4,0.0,0.0,
2024-11-21 23:40:00,False,保持,22.453,22.465582300466313,60.305907973480245,7.4241549137967,59.0247057152582,22.453,17.99686,25.953128814697266,25.953128814697266,-0.4,0.0,0.0,
2024-11-21 23:50:00,False,保持,22.5135,22.42960978107849,60.05456670664269,7.510870537190355,59.64945180719771,22.5135,18.071709,29.996837615966797,29.996837615966797,-0.38,0.0,0.0,
2024-11-22 00:00:00,False,保持,22.364,22.392823872978962,59.741984942791575,7.29408180110029,60.29461253080197,22.364,17.444597,34.260719299316406,34.260719299316406,-0.43,0.0,0.0,
2024-11-22 00:10:00,False,保持,22.041,22.356331074009145,59.45651472385182,7.380797424493945,60.93078535270371,22.041,15.589944,37.777950286865234,37.777950286865234,-0.53,0.0,0.0,
2024-11-22 00:20:00,False,保持,21.849,22.31895893058862,59.24281077849659,6.947219952313818,61.58814145937242,21.849,17.353458,37.74422073364258,37.74422073364258,-0.6,0.0,0.0,
2024-11-22 00:30:00,False,保持,21.691499999999998,22.28117459685611,58.909496414302176,7.033935575707472,62.2474247867433,21.691499999999998,17.938541,43.11557388305664,43.11557388305664,-0.64,0.0,0.0,
2024-11-22 00:40:00,False,保持,21.598499999999998,22.24748471418784,58.72051203497602,7.164008688403882,62.76547959291615,21.598499999999998,17.723917,38.78578186035156,38.78578186035156,-0.67,0.0,0.0,
2024-11-22 00:50:00,False,保持,21.5415,22.208656161585985,58.50521321422241,7.250724311797537,63.300865725983456,21.5415,17.649542,41.40464782714844,41.40464782714844,-0.69,0.0,0.0,
2024-11-22 01:00:00,False,保持,21.423,22.173564790909207,58.354504173381,7.033935575707472,63.797734763857505,21.423,17.726042,45.04544448852539,45.04544448852539,-0.73,0.0,0.0,
2024-11-22 01:10:00,False,保持,21.3615,22.134598841536686,58.06504698875548,6.9038624630110625,64.34852872841485,21.3615,17.546125,48.85855484008789,48.85855484008789,-0.74,0.0,0.0,
2024-11-22 01:20:00,False,保持,21.3445,22.09692441839608,57.83539501354956,6.990578086404717,64.87621218750306,21.3445,98.488785,52.86846923828125,52.86846923828125,-0.76,0.0,0.0,
2024-11-22 01:30:00,False,保持,21.2655,22.061365936234488,56.258929864812835,7.337439290403045,65.37115524644085,21.2655,91.27796,130.5392608642578,130.5392608642578,-0.77,0.0,0.0,
2024-11-22 01:40:00,False,保持,21.174500000000002,22.032622354371636,52.23045157549303,6.687073726921,65.81217586222716,21.174500000000002,76.605896,122.05254364013672,122.05254364013672,-0.8,0.0,0.0,
2024-11-22 01:50:00,False,保持,21.131,22.005678699209117,53.24235567653867,6.9038624630110625,66.25223286766239,21.131,77.669815,113.58061218261719,113.58061218261719,-0.82,0.0,0.0,
2024-11-22 02:00:00,False,保持,21.092333333333336,21.97580847406377,53.768641385745006,7.337439290403045,66.74717592660018,21.092333333333336,137.64972,116.54705047607422,116.54705047607422,-0.83,0.0,0.0,
2024-11-22 02:10:00,False,保持,21.070666666666664,21.949276992151674,55.10588558539824,7.727658628492272,67.17567830018379,21.070666666666664,234.8118,157.07296752929688,157.07296752929688,-0.83,0.0,0.0,
2024-11-22 02:20:00,False,保持,21.0385,21.920643355003854,57.53158459091789,8.378024836762464,67.6417341586096,21.0385,237.05367,204.30601501464844,204.30601501464844,-0.85,0.0,0.0,
2024-11-22 02:30:00,False,保持,21.015,21.894317976778535,53.94327244351119,8.724886685548938,68.07890219564044,21.015,186.14859,214.38255310058594,214.38255310058594,-0.86,0.0,0.0,
2024-11-22 02:40:00,False,保持,20.9605,21.87362591733507,52.70171653436727,7.380797424493945,68.4197774946881,20.9605,186.86684,195.58436584472656,195.58436584472656,-0.87,0.0,0.0,
2024-11-22 02:50:00,False,保持,20.901333333333334,21.855049764747495,54.89537139083979,8.551455438761629,68.74909816188418,20.901333333333334,175.63904,192.83277893066406,192.83277893066406,-0.89,0.0,0.0,
2024-11-22 03:00:00,False,保持,20.86841666666667,21.835786577121915,56.40963901705934,9.982260323210276,69.09189943986811,20.86841666666667,174.5737,187.43516540527344,187.43516540527344,-0.9,0.0,0.0,
2024-11-22 03:10:00,False,保持,20.8145,21.81789739132609,57.49570145412562,10.76269899938873,69.4000355805313,20.8145,158.52357,186.17027282714844,186.17027282714844,-0.92,0.0,0.0,
2024-11-22 03:20:00,False,保持,20.786250000000003,21.798909099611215,57.58660536910126,11.066203036478376,69.73513418453612,20.786250000000003,158.38475,179.25723266601562,179.25723266601562,-0.93,0.0,0.0,
2024-11-22 03:30:00,False,保持,20.765,21.780745086150937,57.34977676096662,11.889999524353659,70.05289959899761,20.765,160.85115,178.07090759277344,178.07090759277344,-0.93,0.0,0.0,
2024-11-22 03:40:00,False,保持,20.759999999999998,21.758184444275713,57.54833003061651,11.933357336050486,70.35525780285202,20.759999999999998,182.7167,175.71142578125,175.71142578125,-0.93,0.0,0.0,
2024-11-22 03:50:00,False,保持,20.7435,21.731556803391875,57.847356022011944,12.49700759853295,70.66146796457895,20.7435,172.55283,180.42745971679688,180.42745971679688,-0.93,0.0,0.0,
2024-11-22 04:00:00,False,保持,20.735666666666667,21.702620869462407,61.11511205642688,12.49700759853295,71.01004717937164,20.735666666666667,173.70316,129.2975616455078,129.2975616455078,-0.95,0.0,0.0,
2024-11-22 04:10:00,False,保持,20.70733333333333,21.67352005258352,64.13407883631136,12.887226936622177,71.34129382550397,20.70733333333333,166.91167,166.54779052734375,166.54779052734375,-0.96,0.0,0.0,
2024-11-22 04:20:00,False,保持,20.7075,21.64601305871819,66.26792809344644,12.583722899532532,71.66772552429565,20.7075,152.63591,167.20701599121094,167.20701599121094,-0.96,0.0,0.0,
2024-11-22 04:30:00,False,保持,20.6755,21.618368685143764,68.09318299803655,13.36416189810506,71.9893422757467,20.6755,156.96666,164.94143676757812,164.94143676757812,-0.96,0.0,0.0,
2024-11-22 04:40:00,False,保持,20.672166666666666,21.598693290144634,70.11938329041521,14.144600735480552,72.2714795634193,20.672166666666666,153.69876,161.67596435546875,161.67596435546875,-0.96,0.0,0.0,
2024-11-22 04:50:00,False,保持,20.63233333333333,21.580213364775055,72.49125756289519,14.621535696963434,72.60080023061536,20.63233333333333,179.53476,158.1988983154297,158.1988983154297,-0.98,0.0,0.0,
2024-11-22 05:00:00,False,保持,20.6145,21.561591418951114,73.05581939042196,15.271901421642516,72.93461422777973,20.6145,186.29427,168.85203552246094,168.85203552246094,-0.99,0.0,0.0,
2024-11-22 05:10:00,False,保持,20.5995,21.543835040365376,71.0619132081637,14.578177965865125,73.24146669292689,20.5995,184.51021,171.03428649902344,171.03428649902344,-0.99,0.0,0.0,
2024-11-22 05:20:00,False,保持,20.593,21.524892473640616,71.04197882535529,15.792194003400745,73.57592268307,20.593,196.09642,171.7964630126953,171.7964630126953,-0.99,0.0,0.0,
2024-11-22 05:30:00,False,保持,20.565,21.506039718985985,70.48140440913467,16.095698030415576,73.90550008536928,20.565,162.01402,174.19033813476562,174.19033813476562,-0.99,0.0,0.0,
2024-11-22 05:40:00,False,保持,20.557499999999997,21.49476762172197,69.68081171753647,16.52927513990237,74.13352090396599,20.557499999999997,113.90732,145.9059600830078,145.9059600830078,-1.0,0.0,0.0,
2024-11-22 05:50:00,False,保持,20.5067,21.485294495710733,70.41681440641227,16.7460637147954,74.32507881863654,20.5067,99.995415,124.49349975585938,124.49349975585938,-1.02,0.0,0.0,
2024-11-22 06:00:00,False,保持,20.529133333333334,21.475475156453466,68.47115197949907,16.182413452312936,74.52857724391721,20.529133333333334,86.61713,120.26588439941406,120.26588439941406,-1.02,0.0,0.0,
2024-11-22 06:10:00,False,保持,20.50166666666667,21.466104672808097,67.53819131414089,15.87890943537292,74.71345880413853,20.50166666666667,89.24504,117.0277328491211,117.0277328491211,-1.02,0.0,0.0,
2024-11-22 06:20:00,False,保持,20.524,21.457146328290023,66.87794141891499,15.271901421642516,74.90989561709442,20.524,114.06574,120.34429931640625,120.34429931640625,-1.02,0.0,0.0,
2024-11-22 06:30:00,False,保持,20.446,21.44816054877788,67.05496501258895,15.09847053754854,75.10248078261927,20.446,187.48804,136.04476928710938,136.04476928710938,-1.03,0.0,0.0,
2024-11-22 06:40:00,False,保持,20.463,21.439944177532198,68.90653380158103,15.87890943537292,75.2334386579232,20.463,183.69492,172.94052124023438,172.94052124023438,-1.03,0.0,0.0,
2024-11-22 06:50:00,False,保持,20.4405,21.430646922117262,70.43834411023947,16.269128874210296,75.35605124538631,20.4405,183.67154,168.39215087890625,168.39215087890625,-1.03,0.0,0.0,
2024-11-22 07:00:00,False,保持,20.3945,21.421074907284126,70.64487223035296,16.225771143111984,75.50562567530811,20.3945,205.28775,165.62313842773438,165.62313842773438,-1.05,0.0,0.0,
2024-11-22 07:10:00,False,保持,20.401,21.411612768919767,72.30346956292803,16.78942144589371,75.6417188735591,20.401,181.81996,170.68312072753906,170.68312072753906,-1.05,0.0,0.0,
2024-11-22 07:20:00,False,保持,20.4225,21.402736865876406,71.88004819228294,17.743291207662438,75.76304763028544,20.4225,180.9565,161.70655822753906,161.70655822753906,-1.05,0.0,0.0,
2024-11-22 07:30:00,False,保持,20.405,21.392954174857483,71.15281709528807,17.396429520073,75.89015385815833,20.405,193.3018,158.6686248779297,158.6686248779297,-1.05,0.0,0.0,
2024-11-22 07:40:00,False,保持,20.3555,21.390068859735134,71.01327195942515,18.523730206234966,75.86383385345765,20.3555,174.97627,158.52593994140625,158.52593994140625,-1.06,0.0,0.0,
2024-11-22 07:50:00,False,保持,20.3215,21.390068859735134,73.09130325133914,18.78387643162778,75.73159199219623,20.3215,164.62234,150.7901611328125,150.7901611328125,-1.08,0.0,0.0,
2024-11-22 08:00:00,False,保持,20.392,21.390068859735134,78.28159730054935,18.610445507234548,75.5993501309348,20.392,160.31566,143.48904418945312,143.48904418945312,-1.05,0.0,0.0,
2024-11-22 08:10:00,False,保持,20.561500000000002,21.390068859735134,76.32596723661153,18.523730206234966,75.47705885040254,20.561500000000002,187.78271,141.57330322265625,141.57330322265625,-1.0,0.0,0.0,
2024-11-22 08:20:00,False,保持,20.694,21.390068859735134,72.84769684053049,17.916722132055675,75.330694074933,20.694,179.40878,151.85220336914062,151.85220336914062,-0.96,0.0,0.0,
2024-11-22 08:30:00,False,保持,20.732499999999998,21.390068859735134,70.62413929579435,17.830006669859056,75.19684754166619,20.732499999999998,178.81096,151.7397003173828,151.7397003173828,-0.95,0.0,0.0,
2024-11-22 08:40:00,False,保持,20.853,21.395454785846603,76.33433955261737,18.56708769553772,74.96574528094807,20.853,183.89467,146.37530517578125,146.37530517578125,-0.9,0.0,0.0,
2024-11-22 08:50:00,False,保持,20.446,21.4053062008432,80.38315200194361,18.82723424332461,74.63642492419348,20.446,202.03366,145.4496612548828,145.4496612548828,-1.03,0.0,0.0,
2024-11-22 09:00:00,True,优化,20.4375,21.414539373025725,81.9309110645859,19.130737958020184,74.30325260956639,28.0,187.08429,152.26504516601562,99.05441284179688,0.0,53.21063232421875,7.5625,
2024-11-22 09:10:00,True,优化,20.939,21.42364881474993,75.33200559520282,19.30416888241342,73.98933884253591,28.0,172.8652,147.92941284179688,91.32240295410156,0.0,56.60700988769531,7.061,
2024-11-22 09:20:00,True,优化,21.1775,21.433321561053823,80.4824290963146,19.347526694110247,73.65231488047779,28.0,172.98917,142.1213836669922,89.99569702148438,0.0,52.12568664550781,6.822500000000002,
2024-11-22 09:30:00,True,优化,21.273500000000002,21.442444788521318,83.60904439533509,19.347526694110247,73.3345494660163,28.0,173.72797,140.80381774902344,94.19032287597656,0.0,46.613494873046875,6.726499999999998,
2024-11-22 09:40:00,True,优化,21.4135,21.456569237967052,86.52275474637094,19.260811393110664,72.90701039234229,28.0,160.75272,134.1444854736328,95.35559844970703,0.0,38.78888702392578,6.586500000000001,
2024-11-22 09:50:00,True,优化,21.4575,21.47528283850998,87.88870603476451,19.347526694110247,72.3870308489991,28.0,158.60786,127.44430541992188,91.80325317382812,0.0,35.64105224609375,6.5425,
2024-11-22 10:00:00,True,优化,21.612000000000002,21.493309404014905,89.0154340345675,19.0440226570206,71.88823521130584,28.0,159.06758,124.4562759399414,88.33277893066406,0.0,36.123497009277344,6.387999999999998,
2024-11-22 10:10:00,True,优化,21.671,21.512380137204488,88.85276476509941,19.47759980680666,71.3605523731006,28.0,161.20604,124.42069244384766,86.02748107910156,0.0,38.393211364746094,6.329000000000001,
2024-11-22 10:20:00,True,优化,21.8665,21.530296826240637,90.0,19.520957618503484,70.84827550373652,28.0,144.24075,125.85152435302734,87.56190490722656,0.0,38.28961944580078,6.1335000000000015,
2024-11-22 10:30:00,True,优化,22.0935,21.54947750414525,88.68889766800602,19.911176956592712,70.32251864446752,28.0,148.15146,125.08055877685547,86.82536315917969,0.0,38.25519561767578,5.906500000000001,
2024-11-22 10:40:00,True,优化,22.36325,21.572299256187893,87.44734220448251,19.607672919503067,69.7091347106626,28.0,152.21942,125.32242584228516,87.07150268554688,0.0,38.25092315673828,5.636749999999999,
2024-11-22 10:50:00,True,优化,22.49925,21.59829486851437,85.65199110220699,19.130737958020184,69.04664203928091,28.0,169.57996,129.09109497070312,87.32781982421875,0.0,41.763275146484375,5.50075,
2024-11-22 11:00:00,True,优化,22.548,21.627299526421517,85.888818735547,18.3069414701449,68.29844889318251,28.0,163.69188,136.70021057128906,88.65874481201172,0.0,48.041465759277344,5.452000000000002,
2024-11-22 11:10:00,True,优化,22.609,21.656988353024,86.49165579015343,17.830006669859056,67.53196080983855,28.0,162.8413,133.1627655029297,86.03620147705078,0.0,47.126564025878906,5.390999999999998,
2024-11-22 11:20:00,True,优化,22.4775,21.682824610347623,87.12559001849579,17.699933557162645,66.87331947544642,28.0,141.41591,132.4058837890625,87.20599365234375,0.0,45.19989013671875,5.522500000000001,
2024-11-22 11:30:00,True,优化,22.6545,21.710012825960987,87.55140347942825,17.353071708376174,66.17423506692477,28.0,140.97462,124.29319763183594,85.58618927001953,0.0,38.707008361816406,5.345500000000001,
2024-11-22 11:40:00,True,优化,22.647166666666667,21.736420645661017,87.50355810871748,17.5698602832692,65.49441044776567,27.785714285714285,140.94629,121.56275177001953,75.57000732421875,0.0,45.99274444580078,5.138547619047618,
2024-11-22 11:50:00,True,优化,22.723433333333332,21.763955142766665,88.13590058100422,17.26635640737659,64.78762212349899,27.770408163265305,73.9245,120.54925537109375,74.66989135742188,0.0,45.879364013671875,5.0469748299319726,
2024-11-22 12:00:00,True,优化,22.662399999999998,21.793770429677625,87.8568103092784,17.5698602832692,64.02305939820835,27.769314868804663,18.184334,67.34429931640625,45.732643127441406,0.0,21.611656188964844,5.106914868804665,
2024-11-22 12:10:00,True,优化,22.5625,21.81918895168113,87.5442272085661,17.743291207662438,63.37019600062497,27.76923677634319,17.984112,13.394268035888672,24.820865631103516,0.0,0.0,5.206736776343192,
2024-11-22 12:20:00,True,优化,22.428,21.84881185240235,86.70456252061966,16.962852289688428,62.61269519810058,27.769231198310226,18.099096,14.760125160217285,21.223712921142578,0.0,0.0,5.341231198310226,
2024-11-22 12:30:00,True,优化,22.352,21.87565938271625,84.8936610489946,15.705478571428571,61.92259869128146,27.769230799879303,16.941208,17.649181365966797,22.265522003173828,0.0,0.0,5.417230799879302,
2024-11-22 12:40:00,True,优化,22.345,21.90302899687248,83.42723662108637,15.09847053754854,61.25175949029304,27.76923077141995,15.968666,12.912680625915527,21.898744583129883,0.0,0.0,5.42423077141995,
2024-11-22 12:50:00,True,优化,22.393,21.928529960350694,82.16415056249485,14.794966540758152,60.660523693372085,27.76923076938714,18.397306,9.13974380493164,23.52591896057129,0.0,0.0,5.3762307693871385,
2024-11-22 13:00:00,False,保持,22.527,21.95792389489008,80.71925672965462,13.407519709801887,59.97684711634048,22.527,18.170757,14.152073860168457,14.152073860168457,-0.38,0.0,0.0,
2024-11-22 13:10:00,False,保持,22.698833333333333,21.986740739106494,79.41550335369607,12.843869447319424,59.30472517116048,22.698833333333333,18.172646,16.458826065063477,16.458826065063477,-0.32,0.0,0.0,
2024-11-22 13:20:00,False,保持,22.868166666666667,22.01302946909347,78.0160628012792,12.106788260443722,58.690377627004466,22.868166666666667,18.157417,16.99264907836914,16.99264907836914,-0.27,0.0,0.0,
2024-11-22 13:30:00,False,保持,23.009,22.04048152472441,76.75297674268768,11.673211110657668,58.04521814516612,23.009,18.04054,18.244178771972656,18.244178771972656,-0.22,0.0,0.0,
2024-11-22 13:40:00,False,保持,23.026,22.060541555610513,75.72671831743618,11.49978018626443,57.60419877114572,23.026,17.965458,15.013410568237305,15.013410568237305,-0.21,0.0,0.0,
2024-11-22 13:50:00,False,保持,23.244999999999997,22.078513148757924,74.6837170426546,10.936129923781966,57.234434408937176,23.244999999999997,18.46625,15.209150314331055,15.209150314331055,-0.15,0.0,0.0,
2024-11-22 14:00:00,True,优化,23.083,22.097226715177726,73.49957352850976,10.806056811085558,56.84733871983417,27.76923076924194,17.185583,17.358802795410156,22.10465431213379,0.0,0.0,4.686230769241941,
2024-11-22 14:10:00,True,优化,23.15,22.11736918753854,72.60727928927783,10.806056811085558,56.40246614617534,27.769230769231566,15.435291,17.11501121520996,19.576601028442383,0.0,0.0,4.619230769231567,
2024-11-22 14:20:00,True,优化,23.407,22.134846165960816,71.71020176071191,10.76269899938873,56.030778288562374,27.769230769230827,17.415792,15.657866477966309,17.260011672973633,0.0,0.0,4.362230769230827,
2024-11-22 14:30:00,True,优化,23.36825,22.153971905631042,70.67198377526431,10.155690925209438,55.63597868371435,27.769230769230774,17.775625,17.987485885620117,17.89315414428711,0.0,0.09433174133300781,4.400980769230774,
2024-11-22 14:40:00,True,优化,23.26375,22.171284001103896,69.88255476583441,10.155690925209438,55.360582322318635,27.76923076923077,17.56525,16.344301223754883,18.501535415649414,0.0,0.0,4.505480769230768,
2024-11-22 14:50:00,True,优化,23.192,22.189887622808666,69.02375246434815,9.76547158712021,55.094814613838274,27.76923076923077,17.570208,16.818761825561523,20.032869338989258,0.0,0.0,4.57723076923077,
2024-11-22 15:00:00,True,优化,23.2975,22.207529484180363,68.33479659443292,9.895544699816622,54.84637947401829,27.76923076923077,17.562416,18.611757278442383,19.625457763671875,0.0,0.0,4.471730769230771,
2024-11-22 15:10:00,True,优化,23.45175,22.226682710029348,67.61713385858755,9.635398474423802,54.58061176553794,27.76923076923077,17.73454,17.887557983398438,18.001224517822266,0.0,0.0,4.3174807692307695,
2024-11-22 15:20:00,True,优化,23.407249999999998,22.24525886261692,66.79421380265276,9.28853662563733,54.31677127775975,27.76923076923077,17.629,16.43979263305664,16.268808364868164,0.0,0.17098426818847656,4.361980769230772,
2024-11-22 15:30:00,True,优化,23.315,22.263587707841932,66.01913911742874,9.28853662563733,54.06255695936508,27.76923076923077,16.032652,17.18195152282715,15.815020561218262,0.0,1.3669309616088867,4.454230769230769,
2024-11-22 15:40:00,True,优化,23.3675,22.280725758305778,65.47291813417318,9.201821002243674,53.85777485856839,27.76923076923077,15.689347,15.14313793182373,15.72397518157959,0.0,0.0,4.40173076923077,
2024-11-22 15:50:00,True,优化,23.512,22.299814866799224,64.96497237799728,9.201821002243674,53.664548631389216,27.76923076923077,17.825209,16.315486907958984,16.463825225830078,0.0,0.0,4.25723076923077,
2024-11-22 16:00:00,True,优化,23.6235,22.31763991817795,64.53357752160107,8.594812928064382,53.4770990992529,27.76923076923077,17.827333,18.911441802978516,17.328285217285156,0.0,1.5831565856933594,4.14573076923077,
2024-11-22 16:10:00,True,优化,23.65,22.335474114554696,64.0862348024618,8.811601664154447,53.28258888611622,27.76923076923077,17.431376,19.009044647216797,16.3403263092041,0.0,2.6687183380126953,4.1192307692307715,
2024-11-22 16:20:00,True,优化,23.7255,22.35487466482781,63.55038028648556,8.464739815367974,53.082299494404865,27.76923076923077,17.712584,17.130285263061523,14.882349967956543,0.0,2.2479352951049805,4.04373076923077,
2024-11-22 16:30:00,True,优化,23.6275,22.37405535979399,62.73272345305156,8.247951724066056,52.89125629170664,27.76923076923077,17.723207,17.262592315673828,13.944412231445312,0.0,3.3181800842285156,4.141730769230769,
2024-11-22 16:40:00,True,优化,23.5595,22.39021331727481,61.94233769663079,8.378024836762464,52.75143841658958,27.76923076923077,17.578945,15.773321151733398,13.857184410095215,0.0,1.9161367416381836,4.20973076923077,
2024-11-22 16:50:00,True,优化,23.264,22.40900014604817,61.281769628441936,8.074520477278746,52.61816961491533,27.76923076923077,16.233347,16.98109245300293,14.583786010742188,0.0,2.397306442260742,4.505230769230771,
2024-11-22 17:00:00,True,优化,23.138749999999998,22.427677055698847,60.577662887862445,8.074520477278746,52.492989676420166,27.76923076923077,15.749791,18.092153549194336,14.160497665405273,0.0,3.9316558837890625,4.630480769230772,
2024-11-22 17:10:00,True,优化,23.029249999999998,22.44574941870553,60.02426541093457,7.640943649886763,52.37166169579752,27.76923076923077,18.088,16.71038055419922,13.731212615966797,0.0,2.979167938232422,4.7399807692307725,
2024-11-22 17:20:00,True,优化,23.024,22.465040037059786,59.3281328245368,7.640943649886763,52.22144527289696,27.76923076923077,17.575167,16.583234786987305,12.350451469421387,0.0,4.232783317565918,4.745230769230769,
